,GeneratedPlanID,ClassList,Quarters,ActualStartQuarter,SubjectStart,SubjectEnd,SummerPref
1,[1],['MATH 261  '],[1],[4],['MATH 261  '],['MATH 261  '],['Yes']
3,[3],"['MATH& 151 ', 'MATH& 152 ', 'MATH& 163 ', 'MATH& 264 ', 'MATH 260  ', 'MATH 261  ']","[3, 4, 1, 2, 3, 4]",[3],['MATH& 151 '],['MATH& 163 '],['Yes']
4,[4],['MATH 260  '],[1],[1],['MATH 260  '],['MATH 260  '],['No']
5,[5],['MATH 261  '],[4],[4],['MATH 261  '],['MATH 261  '],['Yes']
6,[6],"['MATH& 141 ', 'MATH& 146 ']","[3, 1]",[3],['MATH& 141 '],['MATH& 146 '],['No']
7,[7],['MATH& 146 '],[4],[3],['MATH& 146 '],['MATH& 146 '],['No']
8,[8],"['MATH& 264 ', 'MATH& 163 ', 'MATH& 264 ']","[3, 1, 2]",[3],['MATH& 264 '],['MATH& 264 '],['Yes']
9,[9],['MATH& 151 '],[3],[3],['MATH& 151 '],['MATH& 151 '],['Yes']
10,[10],"['MATH& 141 ', 'MATH& 142 ', 'MATH& 151 ']","[2, 3, 4]",[2],['MATH& 141 '],['MATH& 151 '],['Yes']
11,[11],['MATH& 151 '],[3],[3],['MATH& 151 '],['MATH& 151 '],['Yes']
12,[12],"['MATH 261  ', 'MATH 260  ', 'MATH 246  ']","[1, 2, 3]",[1],['MATH 261  '],['MATH 261  '],['No']
13,[13],"['MATH& 141 ', 'MATH& 142 ', 'MATH& 151 ', 'MATH& 152 ', 'MATH& 163 ', 'MATH& 264 ', 'MATH 261  ', 'MATH 260  ']","[2, 3, 4, 1, 2, 3, 2, 3]",[2],['MATH& 141 '],['MATH& 264 '],['Yes']
14,[14],"['MATH& 142 ', 'MATH& 151 ', 'MATH& 152 ', 'MATH& 163 ', 'MATH 260  ', 'MATH 261  ']","[2, 1, 2, 3, 2, 3]",[2],['MATH& 142 '],['MATH& 163 '],['Yes']
16,[16],"['MATH& 151 ', 'MATH& 152 ', 'MATH& 163 ', 'MATH& 264 ', 'MATH 261  ', 'MATH 260  ']","[1, 2, 3, 1, 2, 3]",[1],['MATH& 151 '],['MATH& 264 '],['Yes']
17,[17],"['MATH& 142 ', 'MATH& 151 ', 'MATH& 152 ', 'MATH& 163 ', 'MATH& 264 ', 'MATH 260  ', 'MATH 261  ']","[1, 2, 3, 1, 2, 3, 4]",[1],['MATH& 142 '],['MATH& 163 '],['Yes']
18,[18],['MATH 261  '],[3],[2],['MATH 261  '],['MATH 261  '],['Yes']
19,[19],"['MATH& 152 ', 'MATH& 163 ', 'MATH& 264 ', 'MATH 260  ', 'MATH 261  ']","[2, 3, 1, 2, 3]",[2],['MATH& 152 '],['MATH& 264 '],['Yes']
20,[20],"['MATH& 152 ', 'MATH& 163 ', 'MATH& 264 ', 'MATH 261  ', 'MATH 260  ']","[2, 3, 1, 2, 3]",[2],['MATH& 152 '],['MATH& 264 '],['No']
21,[21],"['MATH& 142 ', 'MATH& 151 ', 'MATH& 152 ', 'MATH& 146 ']","[2, 3, 4, 1]",[2],['MATH& 142 '],['MATH& 146 '],['Yes']
22,[22],['MATH& 151 '],[3],[3],['MATH& 151 '],['MATH& 151 '],['No']
23,[23],"['MATH& 142 ', 'MATH& 151 ', 'MATH& 152 ', 'MATH& 163 ', 'MATH 260  ', 'MATH 261  ', 'MATH& 264 ']","[2, 3, 4, 1, 2, 3, 1]",[2],['MATH& 142 '],['MATH& 264 '],['Yes']
24,[24],"['MATH& 163 ', 'MATH& 146 ']","[3, 2]",[2],['MATH& 163 '],['MATH& 163 '],['Yes']
25,[25],"['MATH& 152 ', 'MATH& 163 ', 'MATH& 264 ', 'MATH 261  ', 'MATH 260  ']","[2, 3, 4, 1, 2]",[2],['MATH& 152 '],['MATH 261  '],['No']
26,[26],"['MATH& 152 ', 'MATH& 163 ', 'MATH& 254 ', 'MATH& 264 ', 'MATH& 148 ']","[2, 3, 1, 2, 1]",[2],['MATH& 152 '],['MATH& 254 '],['No']
27,[27],"['MATH& 142 ', 'MATH& 151 ', 'MATH& 152 ', 'MATH& 146 ']","[2, 3, 4, 4]",[2],['MATH& 142 '],['MATH& 146 '],['No']
28,[28],"['MATH& 141 ', 'MATH& 142 ', 'MATH& 151 ']","[2, 3, 4]",[2],['MATH& 141 '],['MATH& 151 '],['No']
29,[29],"['MATH& 152 ', 'MATH& 163 ', 'MATH& 264 ', 'MATH 260  ', 'MATH 261  ']","[2, 3, 4, 1, 2]",[2],['MATH& 152 '],['MATH 261  '],['No']
30,[30],"['MATH& 163 ', 'MATH& 146 ', 'MATH 260  ']","[1, 2, 3]",[1],['MATH& 163 '],['MATH& 163 '],['No']
31,[31],"['MATH& 142 ', 'MATH& 151 ', 'MATH& 152 ', 'MATH& 163 ', 'MATH& 264 ', 'MATH 261  ', 'MATH 260  ']","[2, 3, 4, 1, 2, 4, 2]",[2],['MATH& 142 '],['MATH& 163 '],['Yes']
32,[32],"['MATH& 151 ', 'MATH& 152 ', 'MATH& 163 ', 'MATH 260  ']","[2, 3, 1, 2]",[2],['MATH& 151 '],['MATH& 163 '],['No']
33,[33],"['MATH& 141 ', 'MATH& 142 ', 'MATH& 151 ', 'MATH& 152 ', 'MATH& 163 ', 'MATH& 264 ', 'MATH 260  ', 'MATH 261  ']","[2, 3, 4, 1, 2, 3, 3, 4]",[2],['MATH& 141 '],['MATH& 152 '],['Yes']
34,[34],"['MATH& 142 ', 'MATH 085  ', 'MATH& 151 ', 'MATH& 152 ', 'MATH& 163 ']","[4, 1, 2, 3, 4]",[4],['MATH& 142 '],['MATH& 163 '],['Yes']
35,[35],['MATH& 141 '],[2],[2],['MATH& 141 '],['MATH& 141 '],['Yes']
36,[36],"['MATH& 141 ', 'MATH& 142 ', 'MATH& 151 ', 'MATH& 152 ', 'MATH& 146 ']","[2, 3, 1, 2, 3]",[2],['MATH& 141 '],['MATH& 151 '],['No']
37,[37],"['MATH& 163 ', 'MATH 260  ']","[2, 3]",[2],['MATH& 163 '],['MATH 260  '],['Yes']
38,[38],"['MATH& 151 ', 'MATH& 152 ', 'MATH& 163 ', 'MATH 260  ', 'MATH 261  ', 'MATH& 264 ']","[2, 3, 1, 2, 3, 1]",[2],['MATH& 151 '],['MATH& 264 '],['No']
40,[40],"['MATH& 152 ', 'MATH& 163 ', 'MATH 260  ', 'MATH 261  ']","[2, 3, 1, 2]",[2],['MATH& 152 '],['MATH 261  '],['No']
41,[41],"['MATH& 142 ', 'MATH& 151 ', 'MATH& 152 ', 'MATH& 163 ', 'MATH& 264 ', 'MATH 260  ', 'MATH 261  ']","[2, 3, 4, 1, 2, 3, 4]",[2],['MATH& 142 '],['MATH& 163 '],['Yes']
42,[42],"['MATH& 141 ', 'MATH& 142 ', 'MATH& 151 ', 'MATH& 152 ', 'MATH& 163 ', 'MATH& 264 ', 'MATH 261  ', 'MATH 260  ']","[3, 4, 1, 2, 3, 4, 1, 2]",[2],['MATH& 141 '],['MATH& 151 '],['Yes']
43,[43],"['MATH 092  ', 'MATH& 141 ', 'MATH& 142 ', 'MATH& 151 ', 'MATH& 152 ', 'MATH& 163 ', 'MATH& 264 ', 'MATH 260  ']","[1, 2, 3, 4, 1, 2, 3, 1]",[1],['MATH 092  '],['MATH& 152 '],['No']
44,[44],"['MATH 092  ', 'MATH& 141 ', 'MATH& 142 ', 'MATH& 151 ', 'MATH& 152 ', 'MATH& 163 ', 'MATH& 264 ', 'MATH 260  ', 'MATH 261  ']","[2, 3, 4, 1, 2, 3, 1, 2, 3]",[2],['MATH 092  '],['MATH& 264 '],['Yes']
45,[45],"['MATH 099  ', 'MATH& 141 ', 'MATH& 142 ']","[1, 2, 3]",[1],['MATH 099  '],['MATH& 142 '],['Yes']
46,[46],"['MATH 080  ', 'MATH 091  ', 'MATH 092  ', 'MATH& 141 ', 'MATH& 142 ']","[1, 2, 3, 4, 1]",[1],['MATH 080  '],['MATH& 142 '],['No']
47,[47],"['MATH 099  ', 'MATH& 141 ', 'MATH& 142 ', 'MATH& 151 ', 'MATH& 152 ', 'MATH& 163 ', 'MATH& 264 ', 'MATH 260  ', 'MATH 261  ']","[2, 3, 1, 2, 3, 1, 2, 3, 1]",[2],['MATH 099  '],['MATH& 163 '],['No']
48,[48],"['MATH& 141 ', 'MATH& 142 ', 'MATH& 151 ', 'MATH& 152 ', 'MATH& 163 ', 'MATH& 264 ', 'MATH 261  ', 'MATH 260  ']","[2, 3, 4, 1, 2, 3, 4, 1]",[2],['MATH& 141 '],['MATH& 152 '],['Yes']
52,[52],"['MATH& 142 ', 'MATH& 151 ', 'MATH& 152 ', 'MATH& 146 ']","[2, 3, 4, 1]",[2],['MATH& 142 '],['MATH& 146 '],['Yes']
60,[60],"['MATH& 142 ', 'MATH& 151 ', 'MATH& 152 ', 'MATH& 146 ']","[2, 3, 4, 1]",[2],['MATH& 142 '],['MATH& 146 '],['Yes']
68,[68],"['MATH& 142 ', 'MATH& 151 ', 'MATH& 152 ', 'MATH& 146 ']","[2, 3, 4, 1]",[2],['MATH& 142 '],['MATH& 146 '],['Yes']
76,[76],"['MATH& 142 ', 'MATH& 151 ', 'MATH& 152 ', 'MATH& 146 ']","[2, 3, 4, 1]",[2],['MATH& 142 '],['MATH& 146 '],['Yes']
84,[84],"['MATH& 142 ', 'MATH& 151 ', 'MATH& 152 ', 'MATH& 146 ']","[2, 3, 4, 1]",[2],['MATH& 142 '],['MATH& 146 '],['Yes']
90,[90],['MATH 261  '],[1],[4],['MATH 261  '],['MATH 261  '],['Yes']
95,[95],"['MATH& 151 ', 'MATH& 152 ', 'MATH& 163 ', 'MATH& 264 ', 'MATH 260  ', 'MATH 261  ']","[3, 4, 1, 2, 3, 4]",[3],['MATH& 151 '],['MATH& 163 '],['Yes']
99,[99],['MATH 260  '],[1],[1],['MATH 260  '],['MATH 260  '],['No']
100,[100],['MATH 261  '],[4],[4],['MATH 261  '],['MATH 261  '],['Yes']
104,[104],"['MATH& 141 ', 'MATH& 146 ']","[3, 1]",[3],['MATH& 141 '],['MATH& 146 '],['No']
105,[105],['MATH& 146 '],[4],[3],['MATH& 146 '],['MATH& 146 '],['No']
109,[109],"['MATH& 264 ', 'MATH& 163 ', 'MATH& 264 ']","[3, 1, 2]",[3],['MATH& 264 '],['MATH& 264 '],['Yes']
113,[113],['MATH& 151 '],[3],[3],['MATH& 151 '],['MATH& 151 '],['Yes']
117,[117],"['MATH& 141 ', 'MATH& 142 ', 'MATH& 151 ']","[2, 3, 4]",[2],['MATH& 141 '],['MATH& 151 '],['No']
121,[121],['MATH& 151 '],[3],[3],['MATH& 151 '],['MATH& 151 '],['Yes']
125,[125],"['MATH 261  ', 'MATH 260  ', 'MATH 246  ']","[1, 2, 3]",[1],['MATH 261  '],['MATH 261  '],['No']
129,[129],"['MATH& 141 ', 'MATH& 142 ', 'MATH& 151 ', 'MATH& 152 ', 'MATH& 163 ', 'MATH& 264 ', 'MATH 261  ', 'MATH 260  ']","[2, 3, 4, 1, 2, 3, 2, 3]",[2],['MATH& 141 '],['MATH& 264 '],['No']
133,[133],"['MATH& 142 ', 'MATH& 151 ', 'MATH& 152 ', 'MATH& 163 ', 'MATH 260  ', 'MATH 261  ']","[2, 1, 2, 3, 2, 3]",[2],['MATH& 142 '],['MATH& 163 '],['Yes']
141,[141],"['MATH& 151 ', 'MATH& 152 ', 'MATH& 163 ', 'MATH& 264 ', 'MATH 261  ', 'MATH 260  ']","[1, 2, 3, 1, 2, 3]",[1],['MATH& 151 '],['MATH& 264 '],['Yes']
145,[145],"['MATH& 142 ', 'MATH& 151 ', 'MATH& 152 ', 'MATH& 163 ', 'MATH& 264 ', 'MATH 260  ', 'MATH 261  ']","[1, 2, 3, 1, 2, 3, 4]",[1],['MATH& 142 '],['MATH& 163 '],['No']
146,[146],['MATH 261  '],[3],[2],['MATH 261  '],['MATH 261  '],['Yes']
150,[150],"['MATH& 152 ', 'MATH& 163 ', 'MATH& 264 ', 'MATH 260  ', 'MATH 261  ']","[2, 3, 1, 2, 3]",[2],['MATH& 152 '],['MATH& 264 '],['No']
154,[154],"['MATH& 152 ', 'MATH& 163 ', 'MATH& 264 ', 'MATH 260  ']","[2, 3, 1, 3]",[2],['MATH& 152 '],['MATH& 264 '],['No']
158,[158],"['MATH& 142 ', 'MATH& 151 ', 'MATH& 152 ', 'MATH& 146 ']","[2, 3, 4, 1]",[2],['MATH& 142 '],['MATH& 146 '],['Yes']
164,[164],['MATH 261  '],[1],[4],['MATH 261  '],['MATH 261  '],['Yes']
169,[169],"['MATH& 151 ', 'MATH& 152 ', 'MATH& 163 ', 'MATH& 264 ', 'MATH 260  ', 'MATH 261  ']","[3, 4, 1, 2, 3, 4]",[3],['MATH& 151 '],['MATH& 163 '],['Yes']
173,[173],['MATH 260  '],[1],[1],['MATH 260  '],['MATH 260  '],['No']
174,[174],['MATH 261  '],[4],[4],['MATH 261  '],['MATH 261  '],['Yes']
178,[178],"['MATH& 141 ', 'MATH& 146 ']","[3, 1]",[3],['MATH& 141 '],['MATH& 146 '],['No']
179,[179],['MATH& 146 '],[4],[3],['MATH& 146 '],['MATH& 146 '],['No']
183,[183],"['MATH& 264 ', 'MATH& 163 ', 'MATH& 264 ']","[3, 1, 2]",[3],['MATH& 264 '],['MATH& 264 '],['Yes']
187,[187],['MATH& 151 '],[3],[3],['MATH& 151 '],['MATH& 151 '],['Yes']
191,[191],"['MATH& 141 ', 'MATH& 142 ', 'MATH& 151 ']","[2, 3, 4]",[2],['MATH& 141 '],['MATH& 151 '],['No']
195,[195],['MATH& 151 '],[3],[3],['MATH& 151 '],['MATH& 151 '],['Yes']
199,[199],"['MATH 261  ', 'MATH 260  ', 'MATH 246  ']","[1, 2, 3]",[1],['MATH 261  '],['MATH 261  '],['No']
203,[203],"['MATH& 141 ', 'MATH& 142 ', 'MATH& 151 ', 'MATH& 152 ', 'MATH& 163 ', 'MATH& 264 ', 'MATH 261  ', 'MATH 260  ']","[2, 3, 4, 1, 2, 3, 2, 3]",[2],['MATH& 141 '],['MATH& 264 '],['No']
207,[207],"['MATH& 142 ', 'MATH& 151 ', 'MATH& 152 ', 'MATH& 163 ', 'MATH 260  ', 'MATH 261  ']","[2, 1, 2, 3, 2, 3]",[2],['MATH& 142 '],['MATH& 163 '],['Yes']
215,[215],"['MATH& 151 ', 'MATH& 152 ', 'MATH& 163 ', 'MATH& 264 ', 'MATH 261  ', 'MATH 260  ']","[1, 2, 3, 1, 2, 3]",[1],['MATH& 151 '],['MATH& 264 '],['Yes']
219,[219],"['MATH& 142 ', 'MATH& 151 ', 'MATH& 152 ', 'MATH& 163 ', 'MATH& 264 ', 'MATH 260  ', 'MATH 261  ']","[1, 2, 3, 1, 2, 3, 4]",[1],['MATH& 142 '],['MATH& 163 '],['No']
220,[220],['MATH 261  '],[3],[2],['MATH 261  '],['MATH 261  '],['Yes']
224,[224],"['MATH& 152 ', 'MATH& 163 ', 'MATH& 264 ', 'MATH 260  ', 'MATH 261  ']","[2, 3, 1, 2, 3]",[2],['MATH& 152 '],['MATH& 264 '],['No']
228,[228],"['MATH& 152 ', 'MATH& 163 ', 'MATH& 264 ', 'MATH 260  ']","[2, 3, 1, 3]",[2],['MATH& 152 '],['MATH& 264 '],['No']
232,[232],"['MATH& 142 ', 'MATH& 151 ', 'MATH& 152 ', 'MATH& 146 ']","[2, 3, 4, 1]",[2],['MATH& 142 '],['MATH& 146 '],['Yes']
238,[238],['MATH 261  '],[1],[4],['MATH 261  '],['MATH 261  '],['Yes']
243,[243],"['MATH& 151 ', 'MATH& 152 ', 'MATH& 163 ', 'MATH& 264 ', 'MATH 260  ', 'MATH 261  ']","[3, 4, 1, 2, 3, 4]",[3],['MATH& 151 '],['MATH& 163 '],['Yes']
247,[247],['MATH 260  '],[1],[1],['MATH 260  '],['MATH 260  '],['No']
248,[248],['MATH 261  '],[4],[4],['MATH 261  '],['MATH 261  '],['Yes']
252,[252],"['MATH& 141 ', 'MATH& 146 ']","[3, 1]",[3],['MATH& 141 '],['MATH& 146 '],['No']
253,[253],['MATH& 146 '],[4],[3],['MATH& 146 '],['MATH& 146 '],['No']
257,[257],"['MATH& 264 ', 'MATH& 163 ', 'MATH& 264 ']","[3, 1, 2]",[3],['MATH& 264 '],['MATH& 264 '],['Yes']
261,[261],['MATH& 151 '],[3],[3],['MATH& 151 '],['MATH& 151 '],['Yes']
265,[265],"['MATH& 141 ', 'MATH& 142 ', 'MATH& 151 ']","[2, 3, 4]",[2],['MATH& 141 '],['MATH& 151 '],['No']
269,[269],['MATH& 151 '],[3],[3],['MATH& 151 '],['MATH& 151 '],['Yes']
273,[273],"['MATH 261  ', 'MATH 260  ', 'MATH 246  ']","[1, 2, 3]",[1],['MATH 261  '],['MATH 261  '],['No']
277,[277],"['MATH& 141 ', 'MATH& 142 ', 'MATH& 151 ', 'MATH& 152 ', 'MATH& 163 ', 'MATH& 264 ', 'MATH 261  ', 'MATH 260  ']","[2, 3, 4, 1, 2, 3, 2, 3]",[2],['MATH& 141 '],['MATH& 264 '],['No']
281,[281],"['MATH& 142 ', 'MATH& 151 ', 'MATH& 152 ', 'MATH& 163 ', 'MATH 260  ', 'MATH 261  ']","[2, 1, 2, 3, 2, 3]",[2],['MATH& 142 '],['MATH& 163 '],['Yes']
289,[289],"['MATH& 151 ', 'MATH& 152 ', 'MATH& 163 ', 'MATH& 264 ', 'MATH 261  ', 'MATH 260  ']","[1, 2, 3, 1, 2, 3]",[1],['MATH& 151 '],['MATH& 264 '],['Yes']
293,[293],"['MATH& 142 ', 'MATH& 151 ', 'MATH& 152 ', 'MATH& 163 ', 'MATH& 264 ', 'MATH 260  ', 'MATH 261  ']","[1, 2, 3, 1, 2, 3, 4]",[1],['MATH& 142 '],['MATH& 163 '],['No']
294,[294],['MATH 261  '],[3],[2],['MATH 261  '],['MATH 261  '],['Yes']
298,[298],"['MATH& 152 ', 'MATH& 163 ', 'MATH& 264 ', 'MATH 260  ', 'MATH 261  ']","[2, 3, 1, 2, 3]",[2],['MATH& 152 '],['MATH& 264 '],['No']
302,[302],"['MATH& 152 ', 'MATH& 163 ', 'MATH& 264 ', 'MATH 260  ']","[2, 3, 1, 3]",[2],['MATH& 152 '],['MATH& 264 '],['No']
306,[306],"['MATH& 142 ', 'MATH& 151 ', 'MATH& 152 ', 'MATH& 146 ']","[2, 3, 4, 1]",[2],['MATH& 142 '],['MATH& 146 '],['Yes']
323,[323],"['MATH& 152 ', 'MATH& 163 ', 'MATH& 264 ', 'MATH 261  ', 'MATH 260  ']","[2, 3, 4, 1, 2]",[2],['MATH& 152 '],['MATH 261  '],['No']
327,[327],"['MATH& 142 ', 'MATH& 151 ']","[2, 3]",[2],['MATH& 142 '],['MATH& 151 '],['No']
331,[331],"['MATH& 141 ', 'MATH& 142 ', 'MATH& 151 ']","[2, 3, 4]",[2],['MATH& 141 '],['MATH& 151 '],['No']
335,[335],"['MATH& 152 ', 'MATH& 163 ', 'MATH& 264 ', 'MATH 260  ', 'MATH 261  ']","[2, 3, 4, 1, 2]",[2],['MATH& 152 '],['MATH 261  '],['No']
339,[339],"['MATH& 163 ', 'MATH& 146 ', 'MATH 260  ']","[1, 2, 3]",[1],['MATH& 163 '],['MATH& 163 '],['No']
343,[343],"['MATH& 142 ', 'MATH& 151 ', 'MATH& 152 ', 'MATH& 163 ', 'MATH& 264 ', 'MATH 261  ', 'MATH 260  ']","[2, 3, 4, 1, 2, 4, 2]",[2],['MATH& 142 '],['MATH& 163 '],['Yes']
347,[347],"['MATH& 151 ', 'MATH& 152 ', 'MATH& 163 ', 'MATH 260  ']","[2, 3, 1, 2]",[2],['MATH& 151 '],['MATH& 163 '],['No']
351,[351],"['MATH& 141 ', 'MATH& 142 ', 'MATH& 151 ', 'MATH& 152 ', 'MATH& 163 ', 'MATH& 264 ', 'MATH 260  ', 'MATH 261  ', 'MATH& 142 ', 'MATH& 151 ', 'MATH& 152 ', 'MATH& 163 ']","[2, 3, 4, 1, 2, 3, 3, 4, 4, 2, 3, 4]",[4],['MATH& 142 '],['MATH& 152 '],['Yes']
356,[356],"['MATH& 141 ', 'MATH& 142 ', 'MATH& 151 ', 'MATH& 152 ', 'MATH& 146 ']","[2, 3, 1, 2, 3]",[2],['MATH& 141 '],['MATH& 151 '],['Yes']
360,[360],"['MATH& 163 ', 'MATH 260  ']","[2, 3]",[2],['MATH& 163 '],['MATH 260  '],['Yes']
365,[365],"['MATH& 152 ', 'MATH& 163 ', 'MATH 260  ', 'MATH 261  ']","[2, 3, 1, 2]",[2],['MATH& 152 '],['MATH 261  '],['Yes']
369,[369],"['MATH& 142 ', 'MATH& 151 ', 'MATH& 152 ', 'MATH& 163 ', 'MATH& 264 ', 'MATH 260  ', 'MATH 261  ']","[2, 3, 4, 1, 2, 3, 4]",[2],['MATH& 142 '],['MATH& 163 '],['Yes']
373,[373],"['MATH& 141 ', 'MATH& 142 ', 'MATH& 151 ', 'MATH& 152 ', 'MATH& 163 ', 'MATH& 264 ', 'MATH 261  ', 'MATH 260  ']","[3, 4, 1, 2, 3, 4, 1, 2]",[2],['MATH& 141 '],['MATH& 151 '],['No']
377,[377],"['MATH& 141 ', 'MATH& 142 ', 'MATH& 152 ', 'MATH& 163 ', 'MATH& 264 ', 'MATH 260  ', 'MATH 261  ']","[2, 3, 1, 2, 3, 1, 2]",[1],['MATH& 141 '],['MATH& 152 '],['No']
378,[378],"['MATH& 141 ', 'MATH& 142 ', 'MATH& 151 ', 'MATH& 152 ', 'MATH& 163 ', 'MATH& 264 ', 'MATH 260  ', 'MATH 261  ']","[3, 4, 1, 2, 3, 1, 2, 3]",[2],['MATH& 141 '],['MATH& 264 '],['Yes']
384,[384],"['MATH& 141 ', 'MATH& 142 ', 'MATH& 151 ', 'MATH& 152 ', 'MATH& 163 ', 'MATH& 264 ', 'MATH 260  ', 'MATH 261  ']","[3, 1, 2, 3, 1, 2, 3, 1]",[2],['MATH& 141 '],['MATH& 163 '],['Yes']
388,[388],"['MATH& 141 ', 'MATH& 142 ', 'MATH& 151 ', 'MATH& 152 ', 'MATH& 163 ', 'MATH& 264 ', 'MATH 261  ', 'MATH 260  ']","[2, 3, 4, 1, 2, 3, 4, 1]",[2],['MATH& 141 '],['MATH& 152 '],['No']
393,[393],['MATH 261  '],[1],[4],['MATH 261  '],['MATH 261  '],['Yes']
398,[398],"['MATH& 151 ', 'MATH& 152 ', 'MATH& 163 ', 'MATH& 264 ', 'MATH 260  ', 'MATH 261  ']","[3, 4, 1, 2, 3, 4]",[3],['MATH& 151 '],['MATH& 163 '],['Yes']
402,[402],['MATH 260  '],[1],[1],['MATH 260  '],['MATH 260  '],['No']
403,[403],['MATH 261  '],[4],[4],['MATH 261  '],['MATH 261  '],['Yes']
407,[407],"['MATH& 141 ', 'MATH& 146 ']","[3, 1]",[3],['MATH& 141 '],['MATH& 146 '],['No']
408,[408],['MATH& 146 '],[4],[3],['MATH& 146 '],['MATH& 146 '],['No']
412,[412],"['MATH& 264 ', 'MATH& 163 ', 'MATH& 264 ']","[3, 1, 2]",[3],['MATH& 264 '],['MATH& 264 '],['Yes']
416,[416],['MATH& 151 '],[3],[3],['MATH& 151 '],['MATH& 151 '],['Yes']
420,[420],"['MATH& 141 ', 'MATH& 142 ', 'MATH& 151 ']","[2, 3, 4]",[2],['MATH& 141 '],['MATH& 151 '],['No']
424,[424],['MATH& 151 '],[3],[3],['MATH& 151 '],['MATH& 151 '],['Yes']
428,[428],"['MATH 261  ', 'MATH 260  ', 'MATH 246  ']","[1, 2, 3]",[1],['MATH 261  '],['MATH 261  '],['No']
432,[432],"['MATH& 141 ', 'MATH& 142 ', 'MATH& 151 ', 'MATH& 152 ', 'MATH& 163 ', 'MATH& 264 ', 'MATH 261  ', 'MATH 260  ']","[2, 3, 4, 1, 2, 3, 2, 3]",[2],['MATH& 141 '],['MATH& 264 '],['No']
436,[436],"['MATH& 142 ', 'MATH& 151 ', 'MATH& 152 ', 'MATH& 163 ', 'MATH 260  ', 'MATH 261  ']","[2, 1, 2, 3, 2, 3]",[2],['MATH& 142 '],['MATH& 163 '],['Yes']
444,[444],"['MATH& 151 ', 'MATH& 152 ', 'MATH& 163 ', 'MATH& 264 ', 'MATH 261  ', 'MATH 260  ']","[1, 2, 3, 1, 2, 3]",[1],['MATH& 151 '],['MATH& 264 '],['Yes']
448,[448],"['MATH& 142 ', 'MATH& 151 ', 'MATH& 152 ', 'MATH& 163 ', 'MATH& 264 ', 'MATH 260  ', 'MATH 261  ']","[1, 2, 3, 1, 2, 3, 4]",[1],['MATH& 142 '],['MATH& 163 '],['No']
449,[449],['MATH 261  '],[3],[2],['MATH 261  '],['MATH 261  '],['Yes']
453,[453],"['MATH& 152 ', 'MATH& 163 ', 'MATH& 264 ', 'MATH 260  ', 'MATH 261  ']","[2, 3, 1, 2, 3]",[2],['MATH& 152 '],['MATH& 264 '],['No']
457,[457],"['MATH& 152 ', 'MATH& 163 ', 'MATH& 264 ', 'MATH 260  ']","[2, 3, 1, 3]",[2],['MATH& 152 '],['MATH& 264 '],['No']
461,[461],"['MATH& 142 ', 'MATH& 151 ', 'MATH& 152 ', 'MATH& 146 ']","[2, 3, 4, 1]",[2],['MATH& 142 '],['MATH& 146 '],['Yes']
471,[471],"['MATH& 152 ', 'MATH& 163 ', 'MATH& 264 ', 'MATH 261  ', 'MATH 260  ']","[2, 3, 4, 1, 2]",[2],['MATH& 152 '],['MATH 261  '],['No']
475,[475],"['MATH& 142 ', 'MATH& 151 ']","[2, 3]",[2],['MATH& 142 '],['MATH& 151 '],['No']
479,[479],"['MATH& 141 ', 'MATH& 142 ', 'MATH& 151 ']","[2, 3, 4]",[2],['MATH& 141 '],['MATH& 151 '],['No']
483,[483],"['MATH& 152 ', 'MATH& 163 ', 'MATH& 264 ', 'MATH 260  ', 'MATH 261  ']","[2, 3, 4, 1, 2]",[2],['MATH& 152 '],['MATH 261  '],['No']
487,[487],"['MATH& 163 ', 'MATH& 146 ', 'MATH 260  ']","[1, 2, 3]",[1],['MATH& 163 '],['MATH& 163 '],['No']
491,[491],"['MATH& 142 ', 'MATH& 151 ', 'MATH& 152 ', 'MATH& 163 ', 'MATH& 264 ', 'MATH 261  ', 'MATH 260  ']","[2, 3, 4, 1, 2, 4, 2]",[2],['MATH& 142 '],['MATH& 163 '],['Yes']
495,[495],"['MATH& 151 ', 'MATH& 152 ', 'MATH& 163 ', 'MATH 260  ']","[2, 3, 1, 2]",[2],['MATH& 151 '],['MATH& 163 '],['No']
499,[499],"['MATH& 141 ', 'MATH& 142 ', 'MATH& 151 ', 'MATH& 152 ', 'MATH& 163 ', 'MATH& 264 ', 'MATH 260  ', 'MATH 261  ', 'MATH& 142 ', 'MATH& 151 ', 'MATH& 152 ', 'MATH& 163 ']","[2, 3, 4, 1, 2, 3, 3, 4, 4, 2, 3, 4]",[4],['MATH& 142 '],['MATH& 152 '],['Yes']
504,[504],"['MATH& 141 ', 'MATH& 142 ', 'MATH& 151 ', 'MATH& 152 ', 'MATH& 146 ']","[2, 3, 1, 2, 3]",[2],['MATH& 141 '],['MATH& 151 '],['Yes']
508,[508],"['MATH& 163 ', 'MATH 260  ']","[2, 3]",[2],['MATH& 163 '],['MATH 260  '],['Yes']
513,[513],"['MATH& 152 ', 'MATH& 163 ', 'MATH 260  ', 'MATH 261  ']","[2, 3, 1, 2]",[2],['MATH& 152 '],['MATH 261  '],['Yes']
517,[517],"['MATH& 142 ', 'MATH& 151 ', 'MATH& 152 ', 'MATH& 163 ', 'MATH& 264 ', 'MATH 260  ', 'MATH 261  ']","[2, 3, 4, 1, 2, 3, 4]",[2],['MATH& 142 '],['MATH& 163 '],['Yes']
521,[521],"['MATH& 141 ', 'MATH& 142 ', 'MATH& 151 ', 'MATH& 152 ', 'MATH& 163 ', 'MATH& 264 ', 'MATH 261  ', 'MATH 260  ']","[3, 4, 1, 2, 3, 4, 1, 2]",[2],['MATH& 141 '],['MATH& 151 '],['No']
525,[525],"['MATH& 141 ', 'MATH& 142 ', 'MATH& 152 ', 'MATH& 163 ', 'MATH& 264 ', 'MATH 260  ', 'MATH 261  ']","[2, 3, 1, 2, 3, 1, 2]",[1],['MATH& 141 '],['MATH& 152 '],['No']
526,[526],"['MATH& 141 ', 'MATH& 142 ', 'MATH& 151 ', 'MATH& 152 ', 'MATH& 163 ', 'MATH& 264 ', 'MATH 260  ', 'MATH 261  ']","[3, 4, 1, 2, 3, 1, 2, 3]",[2],['MATH& 141 '],['MATH& 264 '],['Yes']
532,[532],"['MATH& 141 ', 'MATH& 142 ', 'MATH& 151 ', 'MATH& 152 ', 'MATH& 163 ', 'MATH& 264 ', 'MATH 260  ', 'MATH 261  ']","[3, 1, 2, 3, 1, 2, 3, 1]",[2],['MATH& 141 '],['MATH& 163 '],['Yes']
536,[536],"['MATH& 141 ', 'MATH& 142 ', 'MATH& 151 ', 'MATH& 152 ', 'MATH& 163 ', 'MATH& 264 ', 'MATH 261  ', 'MATH 260  ']","[2, 3, 4, 1, 2, 3, 4, 1]",[2],['MATH& 141 '],['MATH& 152 '],['No']
546,[546],['MATH& 151 '],[2],[1],['MATH& 151 '],['MATH& 151 '],['No']
547,[547],['MATH& 151 '],[2],[1],['MATH& 151 '],['MATH& 151 '],['No']
548,[548],['MATH& 151 '],[2],[1],['MATH& 151 '],['MATH& 151 '],['No']
549,[549],['MATH& 151 '],[2],[1],['MATH& 151 '],['MATH& 151 '],['No']
550,[550],['MATH& 151 '],[2],[1],['MATH& 151 '],['MATH& 151 '],['No']
551,[551],['MATH& 151 '],[2],[1],['MATH& 151 '],['MATH& 151 '],['No']
552,[552],['MATH& 151 '],[2],[1],['MATH& 151 '],['MATH& 151 '],['No']
553,[553],['MATH& 151 '],[2],[1],['MATH& 151 '],['MATH& 151 '],['No']
554,[554],['MATH& 151 '],[2],[1],['MATH& 151 '],['MATH& 151 '],['No']
555,[555],['MATH& 151 '],[2],[1],['MATH& 151 '],['MATH& 151 '],['No']
556,[556],['MATH& 151 '],[2],[1],['MATH& 151 '],['MATH& 151 '],['No']
557,[557],['MATH& 151 '],[2],[1],['MATH& 151 '],['MATH& 151 '],['No']
558,[558],['MATH& 151 '],[2],[1],['MATH& 151 '],['MATH& 151 '],['Yes']
559,[559],['MATH& 151 '],[2],[1],['MATH& 151 '],['MATH& 151 '],['Yes']
560,[560],['MATH& 151 '],[2],[1],['MATH& 151 '],['MATH& 151 '],['No']
564,[564],['MATH& 151 '],[2],[1],['MATH& 151 '],['MATH& 151 '],['No']
565,[565],['MATH& 151 '],[2],[1],['MATH& 151 '],['MATH& 151 '],['No']
566,[566],['MATH& 151 '],[2],[1],['MATH& 151 '],['MATH& 151 '],['yes']
568,[568],['MATH& 151 '],[2],[1],['MATH& 151 '],['MATH& 151 '],['Yes']
570,[570],['MATH& 151 '],[2],[1],['MATH& 151 '],['MATH& 151 '],['yes']
571,[571],['MATH& 151 '],[2],[1],['MATH& 151 '],['MATH& 151 '],['yes']
572,[572],['MATH& 151 '],[2],[1],['MATH& 151 '],['MATH& 151 '],['yes']
574,[574],['MATH& 151 '],[2],[1],['MATH& 151 '],['MATH& 151 '],['Yes']
576,[576],['MATH& 151 '],[2],[1],['MATH& 151 '],['MATH& 151 '],['yes']
578,[578],['MATH& 151 '],[2],[1],['MATH& 151 '],['MATH& 151 '],['yes']
579,[579],['MATH& 151 '],[2],[1],['MATH& 151 '],['MATH& 151 '],['yes']
580,[580],['MATH& 151 '],[2],[1],['MATH& 151 '],['MATH& 151 '],['no']
