,0,1,2,3,4
1,[1],"['ENGL& 230', 'MATH 261', 'ENGR& 215', 'HUM& 101', 'PHYS& 242', 'ENGR& 225', 'PHYS 130', 'PHYS& 243', 'ENGR& 224', 'ENGR 220']","[4, 1, 1, 1, 2, 2, 2, 3, 3, 3]",['Mechanical Engineering'],['Washington State University']
2,[2],"['ENGR 121', 'ENGR 201', 'ENGR& 224', 'ENGR& 114', 'ENGR 240', 'ENGR& 215', 'ENGR& 225', 'ENGR 216', 'ENGR 220', 'ENGR& 204', 'ENGR 240']","[4, 1, 1, 2, 2, 2, 3, 3, 3, 4, 4]",['Mechanical Engineering'],['Washington State University']
3,[3],"['MATH& 151', 'CHEM& 161', 'ENGR 121', 'MATH& 152', 'CHEM& 162', 'ENGL& 230', 'MATH& 163', 'PHYS& 241', 'ENGR& 214', 'ENGR& 114', 'MATH& 264', 'PHYS& 242', 'PHYS 130', 'ENGR& 215', 'ENGR 240', 'MATH 260', 'PHYS& 243', 'ENGR& 225', 'ENGR 220', 'MATH 261']","[3, 3, 3, 4, 4, 4, 1, 1, 1, 1, 2, 2, 2, 2, 2, 3, 3, 3, 3, 4]",['Mechanical Engineering'],['Washington State University']
4,[4],"['MATH 260', 'ENGR 121', 'ENGR 201', 'ENGR& 215', 'ENGR 240', 'ENGR& 204', 'ENGR& 225', 'ENGR& 224', 'ENGR 216']","[1, 1, 1, 2, 2, 2, 3, 3, 3]",['Mechanical Engineering'],['Washington State University']
5,[5],"['MATH 261', 'ENGR& 204', 'ENGR& 215', 'ENGR& 224', 'ENGR 201', 'ENGR 240', 'ENGR& 114', 'ENGR 220', 'ECON& 202', 'ENGR& 225', 'ENGR 216']","[4, 4, 1, 1, 1, 2, 2, 2, 2, 3, 3]",['Mechanical Engineering'],['Washington State University']
6,[6],"['ENGL& 102D', 'MATH& 141', 'CHEM& 121', 'MATH& 146', 'BIOL& 211', 'CHEM& 131', 'PSYC& 100', 'BIOL& 231', 'CMST& 210', 'BIOL& 232', 'PSYC& 200', 'CMST& 220', 'BIOL& 260', 'SOC& 101', 'HUM& 101']","[3, 3, 3, 1, 1, 1, 2, 2, 2, 3, 3, 3, 1, 1, 1]",['Nursing'],['Washington State University']
7,[7],"['ENGL& 102D', 'PSYC& 100', 'CHEM& 121', 'CMST& 210', 'PSYC& 200', 'BIOL& 211', 'BIOL& 231', 'BIOL& 232', 'MATH& 146', 'BIOL& 260']","[3, 3, 3, 1, 1, 1, 2, 3, 4, 1]",['General Major'],['Washington State University']
8,[8],"['MATH& 264', 'ENGR 101', 'CHEM& 262', 'PHYS& 114', 'PHYS& 241', 'MATH& 163', 'ENGR 111', 'MATH& 264', 'ENGR 121', 'PHYS& 242', 'ENGR& 214', 'PHYS& 243']","[3, 3, 3, 3, 1, 1, 1, 2, 2, 2, 3, 3]",['Chemical Engineering'],['University of Washington Seattle']
9,[9],"['MATH& 151', 'SPAN& 122', 'CHEM& 121', 'PSYC& 100']","[3, 3, 2, 2]",['General Major'],['Washington State University']
10,[10],"['MATH& 141', 'CHEM& 140', 'ENGL& 102', 'MATH& 142', 'PHIL 215', 'PSYC& 100', 'MATH& 151', 'BIOL& 221', 'CHEM& 161', 'CHEM& 162', 'BIOL& 222', 'BIOL& 223', 'CHEM& 163', 'BIOL& 231', 'CHEM& 261', 'BIOL& 232', 'CHEM& 262', 'CHEM& 263', 'BIOL& 260', 'ECON& 201', 'CMST& 210']","[2, 2, 2, 3, 3, 3, 4, 1, 1, 2, 2, 3, 3, 4, 1, 1, 2, 3, 3, 4, 4]",['Pharmacy'],['Washington State University']
11,[11],"['CHEM& 161', 'DEVED 100', 'CHEM& 162', 'ENGR& 114', 'PHYS& 241', 'ENGR 201', 'ENGR 220', 'PHYS& 242', 'ENGR 240', 'ENGR& 204', 'ENGR 205', 'PHYS& 243', 'ENGR& 224', 'MATH& 151']","[3, 3, 4, 4, 1, 1, 1, 2, 2, 2, 2, 3, 3, 3]",['Mechanical Engineering'],['University of Washington Seattle']
12,[12],"['MATH 261', 'PHYS& 241', 'ENGR& 214', 'MATH 260', 'PHYS& 242', 'ENGR& 215', 'ENGR 240', 'PHYS& 243', 'ENGR& 225', 'MATH 246']","[1, 1, 1, 2, 2, 2, 3, 3, 3, 3]",['Mechanical Engineering'],['Washington State University']
13,[13],"['MATH& 141', 'ENGR 111', 'CHEM& 140', 'MATH& 142', 'CHEM& 161', 'MATH& 151', 'PHYS& 114', 'MATH& 152', 'CHEM& 162', 'ENGR 121', 'ENGL& 230', 'MATH& 163', 'PHYS& 241', 'MATH& 264', 'PHYS& 242', 'ENGR& 214', 'PHYS& 243', 'ENGR& 215', 'ENGR& 224', 'MATH 261', 'ENGR& 225', 'MATH 260', 'ENGR 240']","[2, 2, 2, 3, 3, 4, 4, 1, 1, 1, 1, 2, 2, 3, 3, 3, 1, 1, 1, 2, 2, 3, 3]",['Aeronautics Engineering'],['University of Washington Seattle']
14,[14],"['MATH& 142', 'CHEM& 161', 'CHEM& 162', 'CMST& 220', 'ENGR 121', 'MATH& 151', 'PHYS& 114', 'PHYS 130', 'MATH& 152', 'PHYS& 241', 'MATH& 163', 'PHYS& 242', 'ENGL& 230', 'ECON& 202', 'PHYS& 243', 'ENGR& 214', 'MATH 260', 'ENGR& 215', 'MATH 261', 'ENGR& 225', 'ENGR 220', 'ENGR& 114', 'ENGR 240', 'ENGR 216', 'ENGR& 204']","[2, 2, 3, 3, 4, 1, 1, 1, 2, 2, 3, 3, 4, 4, 1, 1, 2, 2, 3, 3, 3, 1, 2, 3, 3]",['Mechanical Engineering'],['Washington State University']
15,[15],"['CMST& 102', 'PHOTO 110', 'ART 110', 'ART 295', 'CMST& 210']","[4, 4, 4, 3, 4]",['Graphic Design'],['Washington State University']
16,[16],"['MATH& 151', 'ENGR& 114', 'MATH& 152', 'PHYS& 241', 'ENGR 121', 'MATH& 163', 'ENGR& 214', 'PHYS 130', 'CHEM& 161', 'CHEM& 162', 'MATH& 264', 'PHYS& 242', 'ENGR& 215', 'MATH 261', 'PHYS& 243', 'ENGR& 225', 'ENGR 220', 'MATH 260', 'ENGR& 224', 'ENGR 240', 'ENGR& 204', 'ENGR 205', 'ENGR 201', 'ENGR 216']","[1, 1, 2, 2, 2, 3, 3, 3, 4, 4, 1, 1, 1, 2, 2, 2, 2, 3, 3, 3, 4, 4, 1, 2]",['Mechanical Engineering'],['Washington State University']
17,[17],"['MATH& 142', 'CHEM& 140', 'ENGR 111', 'MATH& 151', 'CHEM& 161', 'PHYS& 114', 'MATH& 152', 'CHEM& 162', 'PHYS& 241', 'ENGR 121', 'ENGR& 114', 'ENGL& 230', 'MATH& 163', 'PHYS& 242', 'ENGR& 214', 'ENGR& 224', 'MATH& 264', 'PHYS& 243', 'ENGR& 215', 'ENGR 216', 'MATH 260', 'ENGR& 225', 'ENGR 220', 'ENGR 240', 'MATH 261']","[1, 1, 1, 2, 2, 2, 3, 3, 3, 3, 4, 4, 1, 1, 1, 1, 2, 2, 2, 2, 3, 3, 3, 3, 4]",['Mechanical Engineering'],['Washington State University']
18,[18],"['ENGR& 114', 'ENGR& 204', 'MATH 261', 'ENGR& 224', 'ENGR 240']","[2, 2, 3, 3, 3]",['Mechanical Engineering'],['Washington State University']
19,[19],"['MATH& 152', 'PHYS& 241', 'ENGR 111', 'MATH& 163', 'PHYS& 241', 'ENGR 121', 'PHYS 130', 'ENGL& 230', 'MATH& 264', 'PHYS& 242', 'ENGR& 114', 'MATH 260', 'PHYS& 243', 'MATH 261', 'ENGR& 214', 'CHEM& 140', 'CHEM& 161', 'ECON& 202', 'ENGR& 225', 'ENGR 201', 'CHEM& 162', 'ENGR 240', 'ENGR& 204', 'ENGR& 215', 'ENGR 216', 'ENGR 220', 'ENGR& 224']","[2, 2, 2, 3, 3, 3, 3, 4, 1, 1, 1, 2, 2, 3, 3, 3, 4, 4, 1, 1, 1, 2, 2, 2, 3, 3, 3]",['Mechanical Engineering'],['University of Washington Seattle']
20,[20],"['MATH& 152', 'CHEM& 140', 'ENGR 121', 'ECON& 202', 'MATH& 163', 'CHEM& 161', 'PHYS& 241', 'MATH& 264', 'ENGR& 214', 'PHYS& 242', 'PHYS 130', 'MATH 261', 'PHYS& 243', 'ENGR& 215', 'ENGR 240', 'MATH 260', 'ENGR& 224', 'ENGR& 225']","[2, 2, 2, 2, 3, 3, 3, 1, 1, 1, 1, 2, 2, 2, 2, 3, 3, 3]",['General Major'],['University of Washington Seattle']
21,[21],"['MATH& 142', 'ENGL& 102D', 'CS 110', 'MATH& 151', 'CS& 131', 'CHEM& 161', 'MATH& 152', 'PHYS& 114', 'MATH& 146', 'CS& 132', 'CS 132', 'PHYS& 241', 'HIST& 146', 'ECON& 201', 'CS 233']","[2, 2, 2, 3, 3, 3, 4, 4, 1, 1, 1, 1, 2, 2, 3]",['Computer Science'],['Washington State University']
22,[22],"['MATH& 151', 'SPAN& 122', 'HUM 247D', 'CHEM& 121', 'PSYC& 100']","[3, 3, 3, 2, 2]",['General Major'],['Washington State University']
23,[23],"['MATH& 142', 'CHEM& 162', 'ENGL& 101', 'MATH& 151', 'PHYS& 114', 'ENGR 111', 'MATH& 152', 'ENGL& 230', 'MATH& 163', 'PHYS& 231', 'ENGR 121', 'MATH 260', 'PHYS& 242', 'PHYS 130', 'ENGR& 214', 'MATH 261', 'PHYS& 243', 'ENGR& 215', 'MATH& 264', 'ENGR& 225', 'ENGR& 224', 'ENGR 240']","[2, 2, 2, 3, 3, 3, 4, 4, 1, 1, 1, 2, 2, 2, 2, 3, 3, 3, 1, 1, 2, 2]",['General Major'],['University of Washington Seattle']
24,[24],"['CS& 141', 'ENGL& 101', 'CS 143', 'MATH& 163', 'ECON& 201', 'CHEM& 161', 'ENGL& 102', 'MATH& 146', 'PHYS& 114']","[2, 2, 3, 3, 1, 1, 2, 2, 3]",['Computer Science'],['Washington State University']
25,[25],"['MATH& 152', 'CHEM& 161', 'ENGR 121', 'MATH& 163', 'CHEM& 162', 'PHYS& 241', 'PHYS 130', 'MATH& 264', 'MATH 261', 'CS& 131', 'MATH 260', 'PHYS& 243', 'CS& 132', 'CS 132', 'ENGR& 214', 'ENGR 202', 'ENGR 240', 'ENGR& 204', 'ECON& 202']","[2, 2, 2, 3, 3, 3, 3, 4, 1, 1, 2, 2, 2, 2, 3, 3, 3, 4, 4]",['Electrical Engineering'],['Washington State University']
26,[26],"['MATH& 152', 'ENGL& 102', 'ENGR 111', 'MATH& 163', 'CS& 131', 'MATH& 254', 'MATH& 264', 'CS& 132', 'CS 132', 'MATH& 148']","[2, 2, 2, 3, 4, 1, 2, 4, 4, 1]",['General Major'],['University of Washington Seattle']
27,[27],"['MATH& 142', 'CS& 131', 'ENGL& 101', 'MATH& 151', 'CS& 132', 'CS 132', 'ENGL& 102', 'MATH& 152', 'MATH& 146']","[2, 2, 2, 3, 3, 3, 3, 4, 4]",['Computer Science'],['Washington State University']
28,[28],"['MATH& 141', 'CHEM& 140', 'ENGL& 102', 'MATH& 142', 'PHIL 215', 'PSYC& 100', 'MATH& 151', 'BIOL& 211', 'CHEM& 161', 'CHEM& 162', 'BIOL& 222', 'BIOL& 223', 'CHEM& 163', 'BIOL& 231', 'CHEM& 261', 'BIOL& 232', 'CHEM& 262', 'CHEM& 263', 'BIOL& 260', 'ECON& 201', 'CMST& 210', 'CMST& 220']","[2, 2, 2, 3, 3, 3, 4, 1, 1, 2, 2, 3, 3, 4, 1, 1, 2, 3, 3, 4, 4, 4]",['Pharmacy'],['Washington State University']
29,[29],"['MATH& 152', 'ENGR 121', 'CS& 131', 'PHYS& 241', 'MATH& 163', 'MATH& 264', 'ENGR 202', 'MATH 260', 'PHYS& 242', 'MATH 261', 'PHYS& 243', 'ENGR& 214', 'ENGR& 204', 'ENGR 205', 'ENGR 240']","[2, 2, 3, 3, 3, 4, 1, 1, 1, 2, 2, 2, 3, 3, 3]",['Electrical Engineering'],['Washington State University']
30,[30],"['ENGR 101', 'MATH& 163', 'CS 110', 'CS& 131', 'PHYS& 114', 'CS& 132', 'CS 132', 'ENGL& 102', 'PHYS& 241', 'BIOL& 100', 'ECON& 201', 'MATH& 146', 'CS 233', 'MATH 260']","[1, 1, 1, 2, 2, 3, 3, 3, 3, 1, 1, 2, 3, 3]",['Computer Science'],['Washington State University']
31,[31],"['MATH& 142', 'CHEM& 161', 'FRCH& 122', 'MATH& 151', 'CHEM& 162', 'PHYS& 114', 'MATH& 152', 'MATH& 163', 'PHYS& 241', 'ENGR 111', 'MATH& 264', 'ENGL& 102', 'PHYS& 242', 'PHYS 130', 'PHYS& 243', 'HIST& 147', 'MATH 261', 'ENGR& 114', 'ENGR 201', 'ENGR 121', 'ENGR& 214', 'ENGR& 215', 'ENGR 240', 'MATH 260', 'ENGR& 225', 'ENGR& 204', 'PHIL 110']","[2, 2, 2, 3, 3, 3, 4, 1, 1, 1, 2, 2, 2, 2, 3, 3, 4, 4, 1, 1, 1, 2, 2, 2, 3, 3, 3]",['Mechanical Engineering'],['University of Washington Seattle']
32,[32],"['MATH& 151', 'ENGL& 101', 'CS 110', 'MATH& 152', 'CS& 131', 'PHYS& 114', 'ECON& 201', 'PHIL& 120', 'CS& 132', 'CS 132', 'MATH& 163', 'PHYS& 241', 'MATH 260', 'PHYS& 242', 'CS 233', 'HUM& 101', 'ENGL& 102', 'PHYS& 243']","[2, 2, 2, 3, 3, 3, 4, 4, 1, 1, 1, 1, 2, 2, 3, 3, 3, 3]",['Computer Science'],['Washington State University']
33,[33],"['MATH& 141', 'ENGL& 101', 'CHEM& 140', 'PHYS 130', 'MATH& 142', 'ENGR 111', 'CHEM& 161', 'MATH& 151', 'PHYS& 114', 'ENGR 121', 'MATH& 152', 'PHYS& 241', 'CS& 131', 'MATH& 163', 'PHYS& 242', 'CS& 132', 'CS 132', 'MATH& 264', 'PHYS& 243', 'MATH 260', 'MATH 261', 'ENGR& 204']","[2, 2, 2, 2, 3, 3, 3, 4, 4, 4, 1, 1, 1, 2, 2, 2, 2, 3, 3, 3, 4, 4]",['Computer Engineering'],['University of Washington Bothell']
34,[34],"['MATH& 142', 'HIST& 146', 'MATH 085', 'ENGR 111', 'CHEM& 140', 'MATH& 151', 'ENGR 121', 'CHEM& 161', 'MATH& 152', 'ECON& 202', 'CHEM& 162', 'MATH& 163', 'PHYS& 114', 'PHYS& 115']","[4, 4, 1, 1, 1, 2, 2, 2, 3, 3, 3, 4, 4, 1]",['General Major'],['Washington State University']
35,[35],"['MATH& 141', 'ENGR 111', 'CHEM& 140', 'ENGL& 230']","[2, 2, 2, 2]",['Electrical Engineering'],['University of Washington Bothell']
36,[36],"['MATH& 141', 'CS 110', 'ENGL& 102', 'MATH& 142', 'CS& 131', 'PHOTO 110', 'MATH& 151', 'CS& 132', 'CS 132', 'ART 110', 'MATH& 152', 'HUM& 101', 'PHYS& 114', 'MATH& 146', 'CS 233', 'ECON& 201']","[2, 2, 2, 3, 3, 3, 1, 1, 1, 1, 2, 2, 2, 3, 3, 3]",['Computer Science and Software Engineering'],['Washington State University']
37,[37],"['MATH& 163', 'ENGL& 102', 'CS 143', 'MATH 260', 'PHYS& 241', 'HUM& 101']","[2, 2, 3, 3, 1, 1]",['Computer Science'],['Washington State University']
38,[38],"['MATH& 151', 'CHEM& 140', 'ENGR 111', 'MATH& 152', 'CHEM& 161', 'ENGR 121', 'MATH& 163', 'PHYS& 114', 'CS& 131', 'MATH 260', 'PHYS& 231', 'CS& 132', 'CS 132', 'MATH 261', 'PHYS& 242', 'PHYS 130', 'MATH& 264', 'PHYS& 243', 'ENGR 202', 'ENGR& 204', 'ENGR 240', 'ENGR 205', 'ENGR& 214']","[2, 2, 2, 3, 3, 3, 1, 1, 1, 2, 2, 2, 2, 3, 3, 3, 1, 1, 1, 2, 2, 3, 3]",['Electrical Engineering'],['Washington State University']
39,[39],"['IT 111', 'IT 161', 'ENGR 101', 'IT 162', 'IT 108', 'IT 228', 'IT 117', 'IT 224', 'CJ 203', 'IT 251', 'CS 110', 'IT 122', 'PHIL& 115', 'CS& 131', 'IT 210']","[1, 1, 1, 2, 2, 2, 3, 3, 3, 4, 1, 1, 1, 2, 2]",['General Major'],['Washington State University']
40,[40],"['MATH& 152', 'PHYS 130', 'ENGR 111', 'ENGL& 230', 'MATH& 163', 'PHYS& 241', 'ENGR 121', 'MATH 260', 'ENGR& 214', 'PHYS& 242', 'MATH 261', 'ENGR& 215', 'PHYS& 243', 'ENGR& 225', 'CHEM& 161', 'CHEM& 162']","[2, 2, 2, 2, 3, 3, 3, 1, 1, 1, 2, 2, 2, 3, 3, 1]",['Mechanical Engineering'],['Washington State University']
41,[41],"['MATH& 142', 'CHEM& 140', 'ENGR& 114', 'MATH& 151', 'CHEM& 161', 'ENGR 121', 'ECON& 202', 'MATH& 152', 'PHYS& 114', 'ENGL 233', 'MATH& 163', 'ENGR& 214', 'PHYS& 241', 'CHEM& 162', 'PHYS& 242', 'ENGR& 215', 'MATH& 264', 'MATH 260', 'PHYS& 243', 'ENGR& 225', 'ENGR 240', 'MATH 261']","[2, 2, 2, 3, 3, 3, 3, 4, 4, 4, 1, 1, 1, 2, 2, 2, 2, 3, 3, 3, 3, 4]",['Mechanical Engineering'],['Washington State University']
42,[42],"['ENGL& 101', 'ECON& 202', 'MATH& 141', 'CHEM& 140', 'ENGR 111', 'MATH& 142', 'PHYS& 114', 'CS& 131', 'MATH& 151', 'CHEM& 161', 'ENGR 121', 'MATH& 152', 'ENGR 202', 'PHYS 130', 'MATH& 163', 'PHYS& 241', 'CS& 132', 'CS 132', 'MATH& 264', 'MATH 261', 'PHYS& 242', 'ENGR& 214', 'MATH 260', 'PHYS& 243', 'ENGR 216', 'ENGR& 204', 'ENGR 205', 'ENGR 240']","[2, 2, 3, 3, 3, 4, 4, 4, 1, 1, 1, 2, 2, 2, 3, 3, 3, 3, 4, 1, 1, 1, 2, 2, 2, 3, 3, 3]",['Electrical Engineering'],['Washington State University']
43,[43],"['MATH 092', 'CHEM& 140', 'MATH& 141', 'ENGR 111', 'CHEM& 161', 'MATH& 142', 'CHEM& 162', 'PHYS& 114', 'MATH& 151', 'MATH& 152', 'ENGR 121', 'PHYS& 241', 'PHYS 130', 'MATH& 163', 'PHYS& 242', 'MATH& 264', 'PHYS& 243', 'ENGR& 214', 'MATH 260', 'ENGR& 215', 'ENGR& 114', 'ENGR& 225', 'ENGR& 204']","[1, 1, 2, 2, 2, 3, 3, 3, 4, 1, 1, 1, 1, 2, 2, 3, 3, 3, 1, 1, 1, 2, 3]",['Mechanical Engineering'],['University of Washington Seattle']
44,[44],"['MATH 092', 'ENGR 298', 'MATH& 141', 'ENGR 298', 'MATH& 142', 'MATH& 151', 'PHYS& 114', 'ENGL& 230', 'MATH& 152', 'PHYS& 242', 'MATH& 163', 'PHYS 130', 'CHEM& 140', 'MATH& 264', 'PHYS& 243', 'MATH 260', 'ENGR& 214', 'MATH 261', 'ENGR& 215', 'ENGR& 225', 'CHEM& 161', 'CHEM& 162']","[2, 2, 3, 3, 4, 1, 1, 1, 2, 2, 3, 3, 4, 1, 1, 2, 2, 3, 3, 1, 2, 3]",['Mechanical Engineering'],['Washington State University']
45,[45],"['MATH 099', 'ENGR 101', 'ENGL& 101', 'MATH& 141', 'ENGL& 230', 'MATH& 142']","[1, 1, 1, 2, 2, 3]",['Mechanical Engineering'],['Eastern Washington University']
46,[46],"['MATH 080', 'ENGR 101', 'ENGL& 230', 'MATH 091', 'MATH 092', 'MATH& 141', 'MATH& 142']","[1, 1, 1, 2, 3, 4, 1]",['Mechanical Engineering'],['Washington State University']
47,[47],"['MATH 099', 'ENGL& 101', 'MATH& 141', 'CHEM& 140', 'ENGR 111', 'MATH& 142', 'CHEM& 161', 'PHYS& 114', 'MATH& 151', 'ENGR 121', 'CHEM& 161', 'MATH& 152', 'ECON& 202', 'MATH& 163', 'PHYS& 241', 'MATH& 264', 'PHYS& 242', 'ENGR& 214', 'PHYS 130', 'MATH 260', 'PHYS& 243', 'ENGR& 215', 'MATH 261']","[2, 2, 3, 3, 3, 1, 1, 1, 2, 2, 2, 3, 3, 1, 1, 2, 2, 2, 2, 3, 3, 3, 1]",['Mechanical Engineering'],['Washington State University']
48,[48],"['ENGL& 101', 'MATH& 141', 'CHEM& 161', 'PHYS 130', 'MATH& 142', 'ENGR 111', 'CHEM& 162', 'MATH& 151', 'PHYS& 114', 'MATH& 152', 'PHYS& 241', 'ENGR 121', 'MATH& 163', 'PHYS& 242', 'ECON& 202', 'MATH& 264', 'PHYS& 243', 'ENGR& 214', 'MATH 261', 'ENGR& 114', 'MATH 260', 'ENGR& 215', 'ENGR 201', 'ENGR& 225', 'ENGR 240', 'ENGR& 224', 'ENGR 216', 'ENGR& 204']","[2, 2, 2, 2, 3, 3, 3, 4, 4, 1, 1, 1, 2, 2, 2, 3, 3, 3, 4, 4, 1, 1, 1, 2, 2, 3, 3, 3]",['Mechanical Engineering'],['Washington State University']
52,[52],"['MATH& 142', 'CS 110', 'MATH& 151', 'CS& 131', 'MATH& 152', 'MATH& 146', 'CS& 132', 'CS 132', 'PHYS& 241', 'CS 233']","[2, 2, 3, 3, 4, 1, 1, 1, 1, 3]",['Computer Science'],['Washington State University']
56,[56],['ENGL& 101'],[2],['Mechanical Engineering'],['Washington State University']
60,[60],"['MATH& 142', 'CS 110', 'MATH& 151', 'CS& 131', 'MATH& 152', 'MATH& 146', 'CS& 132', 'CS 132', 'PHYS& 241', 'CS 233']","[2, 2, 3, 3, 4, 1, 1, 1, 1, 3]",['Computer Science'],['Washington State University']
64,[64],['ENGL& 101'],[2],['Mechanical Engineering'],['Washington State University']
68,[68],"['MATH& 142', 'CS 110', 'MATH& 151', 'CS& 131', 'MATH& 152', 'MATH& 146', 'CS& 132', 'CS 132', 'PHYS& 241', 'CS 233']","[2, 2, 3, 3, 4, 1, 1, 1, 1, 3]",['Computer Science'],['Washington State University']
72,[72],['ENGL& 101'],[2],['Mechanical Engineering'],['Washington State University']
76,[76],"['MATH& 142', 'CS 110', 'MATH& 151', 'CS& 131', 'MATH& 152', 'MATH& 146', 'CS& 132', 'CS 132', 'PHYS& 241', 'CS 233']","[2, 2, 3, 3, 4, 1, 1, 1, 1, 3]",['Computer Science'],['Washington State University']
80,[80],['ENGL& 101'],[2],['Mechanical Engineering'],['Washington State University']
84,[84],"['MATH& 142', 'CS 110', 'MATH& 151', 'CS& 131', 'MATH& 152', 'MATH& 146', 'CS& 132', 'CS 132', 'PHYS& 241', 'CS 233']","[2, 2, 3, 3, 4, 1, 1, 1, 1, 3]",['Computer Science'],['Washington State University']
86,[86],['ENGL& 101'],[2],['General Major'],['University of Washington Seattle']
90,[90],"['ENGL& 230', 'MATH 261', 'ENGR& 215', 'HUM& 101', 'PHYS& 242', 'ENGR& 225', 'PHYS 130', 'PHYS& 243', 'ENGR& 224', 'ENGR 220']","[4, 1, 1, 1, 2, 2, 2, 3, 3, 3]",['Mechanical Engineering'],['Washington State University']
94,[94],"['ENGR 121', 'ENGR 201', 'ENGR& 224', 'ENGR& 114', 'ENGR 240', 'ENGR& 215', 'ENGR& 225', 'ENGR 216', 'ENGR 220', 'ENGR& 204', 'ENGR 240']","[4, 1, 1, 2, 2, 2, 3, 3, 3, 4, 4]",['Mechanical Engineering'],['Washington State University']
95,[95],"['MATH& 151', 'CHEM& 161', 'ENGR 121', 'MATH& 152', 'CHEM& 162', 'ENGL& 230', 'MATH& 163', 'PHYS& 241', 'ENGR& 214', 'ENGR& 114', 'MATH& 264', 'PHYS& 242', 'PHYS 130', 'ENGR& 215', 'ENGR 240', 'MATH 260', 'PHYS& 243', 'ENGR& 225', 'ENGR 220', 'MATH 261']","[3, 3, 3, 4, 4, 4, 1, 1, 1, 1, 2, 2, 2, 2, 2, 3, 3, 3, 3, 4]",['Mechanical Engineering'],['Washington State University']
99,[99],"['MATH 260', 'ENGR 121', 'ENGR 201', 'ENGR& 215', 'ENGR 240', 'ENGR& 204', 'ENGR& 225', 'ENGR& 224', 'ENGR 216', 'ENGR 220']","[1, 1, 1, 2, 2, 2, 3, 3, 3, 1]",['Mechanical Engineering'],['Washington State University']
100,[100],"['MATH 261', 'ENGR& 204', 'ENGR 205', 'ENGR& 215', 'ENGR& 224', 'ENGR 201', 'ENGR 240', 'ENGR& 114', 'ENGR 220', 'ECON& 202', 'ENGR& 225', 'ENGR 216']","[4, 4, 4, 1, 1, 1, 2, 2, 2, 2, 3, 3]",['Mechanical Engineering'],['Washington State University']
104,[104],"['ENGL& 102D', 'MATH& 141', 'CHEM& 121', 'MATH& 146', 'BIOL& 211', 'CHEM& 131', 'PSYC& 100', 'BIOL& 231', 'CMST& 210', 'BIOL& 232', 'PSYC& 200', 'CMST& 220', 'BIOL& 260', 'SOC& 101', 'HUM& 101']","[3, 3, 3, 1, 1, 1, 2, 2, 2, 3, 3, 3, 1, 1, 1]",['Nursing'],['Washington State University']
105,[105],"['ENGL& 102D', 'PSYC& 100', 'CHEM& 121', 'CMST& 210', 'PSYC& 200', 'BIOL& 211', 'BIOL& 231', 'BIOL& 232', 'MATH& 146', 'BIOL& 260']","[3, 3, 3, 1, 1, 1, 2, 3, 4, 1]",['General Major'],['Washington State University']
109,[109],"['MATH& 264', 'ENGR 101', 'CHEM& 262', 'PHYS& 114', 'BIOL& 222', 'PHYS& 241', 'MATH& 163', 'ENGR 111', 'MATH& 264', 'ENGR 121', 'PHYS& 242', 'ENGR& 214', 'PHYS& 243']","[3, 3, 3, 3, 3, 1, 1, 1, 2, 2, 2, 3, 3]",['Chemical Engineering'],['University of Washington Seattle']
113,[113],"['MATH& 151', 'SPAN& 122', 'CHEM& 121', 'PSYC& 100']","[3, 3, 2, 2]",['General Major'],['Washington State University']
117,[117],"['MATH& 141', 'CHEM& 140', 'ENGL& 102', 'MATH& 142', 'PHIL 215', 'PSYC& 100', 'MATH& 151', 'BIOL& 221', 'CHEM& 161', 'CHEM& 162', 'BIOL& 222', 'BIOL& 223', 'CHEM& 163', 'BIOL& 231', 'CHEM& 261', 'BIOL& 232', 'CHEM& 262', 'CHEM& 263', 'BIOL& 260', 'ECON& 201', 'CMST& 210']","[2, 2, 2, 3, 3, 3, 4, 1, 1, 2, 2, 3, 3, 4, 1, 1, 2, 3, 3, 4, 4]",['Pharmacy'],['Washington State University']
121,[121],"['CHEM& 161', 'DEVED 100', 'CHEM& 162', 'ENGR& 114', 'PHYS& 241', 'ENGR 201', 'PHYS& 242', 'ENGR 240', 'ENGR& 204', 'PHYS& 243', 'MATH& 151']","[3, 3, 4, 4, 1, 1, 2, 2, 2, 3, 3]",['Mechanical Engineering'],['University of Washington Seattle']
125,[125],"['MATH 261', 'PHYS& 241', 'ENGR& 214', 'MATH 260', 'PHYS& 242', 'ENGR& 215', 'ENGR 240', 'PHYS& 243', 'ENGR& 225', 'MATH 246']","[1, 1, 1, 2, 2, 2, 3, 3, 3, 3]",['Mechanical Engineering'],['Washington State University']
129,[129],"['MATH& 141', 'ENGR 111', 'CHEM& 140', 'MATH& 142', 'CHEM& 161', 'MATH& 151', 'PHYS& 114', 'MATH& 152', 'CHEM& 162', 'ENGR 121', 'MATH& 163', 'PHYS& 241', 'MATH& 264', 'PHYS& 242', 'ENGR& 214', 'PHYS& 243', 'ENGR& 215', 'ENGR& 224', 'MATH 261', 'ENGR& 225', 'MATH 260', 'ENGR 240']","[2, 2, 2, 3, 3, 4, 4, 1, 1, 1, 2, 2, 3, 3, 3, 1, 1, 1, 2, 2, 3, 3]",['Aeronautics Engineering'],['University of Washington Seattle']
133,[133],"['MATH& 142', 'CHEM& 161', 'CHEM& 162', 'CMST& 220', 'MATH& 151', 'PHYS 130', 'MATH& 152', 'PHYS& 241', 'MATH& 163', 'PHYS& 242', 'ENGL& 230', 'ECON& 202', 'PHYS& 243', 'ENGR& 214', 'MATH 260', 'ENGR& 215', 'MATH 261', 'ENGR& 225', 'ENGR 220', 'ENGR& 114', 'ENGR 240', 'ENGR 216', 'ENGR& 204']","[2, 2, 3, 3, 1, 1, 2, 2, 3, 3, 4, 4, 1, 1, 2, 2, 3, 3, 3, 1, 2, 3, 3]",['Mechanical Engineering'],['Washington State University']
137,[137],"['CMST& 102', 'PHOTO 110', 'ART 110', 'ART 295', 'CMST& 210']","[4, 4, 4, 3, 4]",['Graphic Design'],['Washington State University']
141,[141],"['MATH& 151', 'ENGR& 114', 'MATH& 152', 'PHYS& 241', 'ENGR 121', 'MATH& 163', 'ENGR& 214', 'PHYS 130', 'CHEM& 161', 'CHEM& 162', 'MATH& 264', 'PHYS& 242', 'ENGR& 215', 'MATH 261', 'PHYS& 243', 'ENGR& 225', 'ENGR 220', 'MATH 260', 'ENGR& 224', 'ENGR 240', 'ENGR& 204', 'ENGR 205', 'ENGR 201', 'ENGR 216']","[1, 1, 2, 2, 2, 3, 3, 3, 4, 4, 1, 1, 1, 2, 2, 2, 2, 3, 3, 3, 4, 4, 1, 2]",['Mechanical Engineering'],['Washington State University']
145,[145],"['MATH& 142', 'CHEM& 140', 'ENGR 111', 'MATH& 151', 'CHEM& 161', 'PHYS& 114', 'MATH& 152', 'CHEM& 162', 'PHYS& 241', 'ENGR 121', 'ENGR& 114', 'ENGL& 230', 'MATH& 163', 'PHYS& 242', 'ENGR& 214', 'ENGR& 224', 'MATH& 264', 'PHYS& 243', 'ENGR& 215', 'ENGR 216', 'MATH 260', 'ENGR& 225', 'ENGR 220', 'ENGR 240', 'MATH 261']","[1, 1, 1, 2, 2, 2, 3, 3, 3, 3, 4, 4, 1, 1, 1, 1, 2, 2, 2, 2, 3, 3, 3, 3, 4]",['Mechanical Engineering'],['Washington State University']
146,[146],"['ENGR& 114', 'ENGR& 204', 'MATH 261', 'ENGR& 224', 'ENGR 240']","[2, 2, 3, 3, 3]",['Mechanical Engineering'],['Washington State University']
150,[150],"['MATH& 152', 'PHYS& 241', 'ENGR 111', 'MATH& 163', 'PHYS& 241', 'ENGR 121', 'PHYS 130', 'ENGL& 230', 'MATH& 264', 'PHYS& 242', 'ENGR& 114', 'MATH 260', 'PHYS& 243', 'MATH 261', 'ENGR& 214', 'CHEM& 140', 'CHEM& 161', 'ECON& 202', 'ENGR& 225', 'ENGR 201', 'CHEM& 162', 'ENGR 240', 'ENGR& 204', 'ENGR& 215', 'ENGR 216', 'ENGR 220', 'ENGR& 224']","[2, 2, 2, 3, 3, 3, 3, 4, 1, 1, 1, 2, 2, 3, 3, 3, 4, 4, 1, 1, 1, 2, 2, 2, 3, 3, 3]",['Mechanical Engineering'],['University of Washington Seattle']
154,[154],"['MATH& 152', 'CHEM& 140', 'ENGR 121', 'MATH& 163', 'CHEM& 161', 'PHYS& 241', 'MATH& 264', 'ENGR& 214', 'PHYS& 242', 'PHYS 130', 'PHYS& 243', 'ENGR& 215', 'ENGR 240', 'MATH 260', 'ENGR& 224', 'ENGR& 225']","[2, 2, 2, 3, 3, 3, 1, 1, 1, 1, 2, 2, 2, 3, 3, 3]",['General Major'],['University of Washington Seattle']
158,[158],"['MATH& 142', 'CS 110', 'MATH& 151', 'CS& 131', 'MATH& 152', 'MATH& 146', 'CS& 132', 'CS 132', 'PHYS& 241', 'CS 233']","[2, 2, 3, 3, 4, 1, 1, 1, 1, 3]",['Computer Science'],['Washington State University']
160,[160],['ENGL& 101'],[2],['General Major'],['University of Washington Seattle']
164,[164],"['ENGL& 230', 'MATH 261', 'ENGR& 215', 'HUM& 101', 'PHYS& 242', 'ENGR& 225', 'PHYS 130', 'PHYS& 243', 'ENGR& 224', 'ENGR 220']","[4, 1, 1, 1, 2, 2, 2, 3, 3, 3]",['Mechanical Engineering'],['Washington State University']
168,[168],"['ENGR 121', 'ENGR 201', 'ENGR& 224', 'ENGR& 114', 'ENGR 240', 'ENGR& 215', 'ENGR& 225', 'ENGR 216', 'ENGR 220', 'ENGR& 204', 'ENGR 240']","[4, 1, 1, 2, 2, 2, 3, 3, 3, 4, 4]",['Mechanical Engineering'],['Washington State University']
169,[169],"['MATH& 151', 'CHEM& 161', 'ENGR 121', 'MATH& 152', 'CHEM& 162', 'ENGL& 230', 'MATH& 163', 'PHYS& 241', 'ENGR& 214', 'ENGR& 114', 'MATH& 264', 'PHYS& 242', 'PHYS 130', 'ENGR& 215', 'ENGR 240', 'MATH 260', 'PHYS& 243', 'ENGR& 225', 'ENGR 220', 'MATH 261']","[3, 3, 3, 4, 4, 4, 1, 1, 1, 1, 2, 2, 2, 2, 2, 3, 3, 3, 3, 4]",['Mechanical Engineering'],['Washington State University']
173,[173],"['MATH 260', 'ENGR 121', 'ENGR 201', 'ENGR& 215', 'ENGR 240', 'ENGR& 204', 'ENGR& 225', 'ENGR& 224', 'ENGR 216', 'ENGR 220']","[1, 1, 1, 2, 2, 2, 3, 3, 3, 1]",['Mechanical Engineering'],['Washington State University']
174,[174],"['MATH 261', 'ENGR& 204', 'ENGR 205', 'ENGR& 215', 'ENGR& 224', 'ENGR 201', 'ENGR 240', 'ENGR& 114', 'ENGR 220', 'ECON& 202', 'ENGR& 225', 'ENGR 216']","[4, 4, 4, 1, 1, 1, 2, 2, 2, 2, 3, 3]",['Mechanical Engineering'],['Washington State University']
178,[178],"['ENGL& 102D', 'MATH& 141', 'CHEM& 121', 'MATH& 146', 'BIOL& 211', 'CHEM& 131', 'PSYC& 100', 'BIOL& 231', 'CMST& 210', 'BIOL& 232', 'PSYC& 200', 'CMST& 220', 'BIOL& 260', 'SOC& 101', 'HUM& 101']","[3, 3, 3, 1, 1, 1, 2, 2, 2, 3, 3, 3, 1, 1, 1]",['Nursing'],['Washington State University']
179,[179],"['ENGL& 102D', 'PSYC& 100', 'CHEM& 121', 'CMST& 210', 'PSYC& 200', 'BIOL& 211', 'BIOL& 231', 'BIOL& 232', 'MATH& 146', 'BIOL& 260']","[3, 3, 3, 1, 1, 1, 2, 3, 4, 1]",['General Major'],['Washington State University']
183,[183],"['MATH& 264', 'ENGR 101', 'CHEM& 262', 'PHYS& 114', 'BIOL& 222', 'PHYS& 241', 'MATH& 163', 'ENGR 111', 'MATH& 264', 'ENGR 121', 'PHYS& 242', 'ENGR& 214', 'PHYS& 243']","[3, 3, 3, 3, 3, 1, 1, 1, 2, 2, 2, 3, 3]",['Chemical Engineering'],['University of Washington Seattle']
187,[187],"['MATH& 151', 'SPAN& 122', 'CHEM& 121', 'PSYC& 100']","[3, 3, 2, 2]",['General Major'],['Washington State University']
191,[191],"['MATH& 141', 'CHEM& 140', 'ENGL& 102', 'MATH& 142', 'PHIL 215', 'PSYC& 100', 'MATH& 151', 'BIOL& 221', 'CHEM& 161', 'CHEM& 162', 'BIOL& 222', 'BIOL& 223', 'CHEM& 163', 'BIOL& 231', 'CHEM& 261', 'BIOL& 232', 'CHEM& 262', 'CHEM& 263', 'BIOL& 260', 'ECON& 201', 'CMST& 210']","[2, 2, 2, 3, 3, 3, 4, 1, 1, 2, 2, 3, 3, 4, 1, 1, 2, 3, 3, 4, 4]",['Pharmacy'],['Washington State University']
195,[195],"['CHEM& 161', 'DEVED 100', 'CHEM& 162', 'ENGR& 114', 'PHYS& 241', 'ENGR 201', 'PHYS& 242', 'ENGR 240', 'ENGR& 204', 'PHYS& 243', 'MATH& 151']","[3, 3, 4, 4, 1, 1, 2, 2, 2, 3, 3]",['Mechanical Engineering'],['University of Washington Seattle']
199,[199],"['MATH 261', 'PHYS& 241', 'ENGR& 214', 'MATH 260', 'PHYS& 242', 'ENGR& 215', 'ENGR 240', 'PHYS& 243', 'ENGR& 225', 'MATH 246']","[1, 1, 1, 2, 2, 2, 3, 3, 3, 3]",['Mechanical Engineering'],['Washington State University']
203,[203],"['MATH& 141', 'ENGR 111', 'CHEM& 140', 'MATH& 142', 'CHEM& 161', 'MATH& 151', 'PHYS& 114', 'MATH& 152', 'CHEM& 162', 'ENGR 121', 'MATH& 163', 'PHYS& 241', 'MATH& 264', 'PHYS& 242', 'ENGR& 214', 'PHYS& 243', 'ENGR& 215', 'ENGR& 224', 'MATH 261', 'ENGR& 225', 'MATH 260', 'ENGR 240']","[2, 2, 2, 3, 3, 4, 4, 1, 1, 1, 2, 2, 3, 3, 3, 1, 1, 1, 2, 2, 3, 3]",['Aeronautics Engineering'],['University of Washington Seattle']
207,[207],"['MATH& 142', 'CHEM& 161', 'CHEM& 162', 'CMST& 220', 'MATH& 151', 'PHYS 130', 'MATH& 152', 'PHYS& 241', 'MATH& 163', 'PHYS& 242', 'ENGL& 230', 'ECON& 202', 'PHYS& 243', 'ENGR& 214', 'MATH 260', 'ENGR& 215', 'MATH 261', 'ENGR& 225', 'ENGR 220', 'ENGR& 114', 'ENGR 240', 'ENGR 216', 'ENGR& 204']","[2, 2, 3, 3, 1, 1, 2, 2, 3, 3, 4, 4, 1, 1, 2, 2, 3, 3, 3, 1, 2, 3, 3]",['Mechanical Engineering'],['Washington State University']
211,[211],"['CMST& 102', 'PHOTO 110', 'ART 110', 'ART 295', 'CMST& 210']","[4, 4, 4, 3, 4]",['Graphic Design'],['Washington State University']
215,[215],"['MATH& 151', 'ENGR& 114', 'MATH& 152', 'PHYS& 241', 'ENGR 121', 'MATH& 163', 'ENGR& 214', 'PHYS 130', 'CHEM& 161', 'CHEM& 162', 'MATH& 264', 'PHYS& 242', 'ENGR& 215', 'MATH 261', 'PHYS& 243', 'ENGR& 225', 'ENGR 220', 'MATH 260', 'ENGR& 224', 'ENGR 240', 'ENGR& 204', 'ENGR 205', 'ENGR 201', 'ENGR 216']","[1, 1, 2, 2, 2, 3, 3, 3, 4, 4, 1, 1, 1, 2, 2, 2, 2, 3, 3, 3, 4, 4, 1, 2]",['Mechanical Engineering'],['Washington State University']
219,[219],"['MATH& 142', 'CHEM& 140', 'ENGR 111', 'MATH& 151', 'CHEM& 161', 'PHYS& 114', 'MATH& 152', 'CHEM& 162', 'PHYS& 241', 'ENGR 121', 'ENGR& 114', 'ENGL& 230', 'MATH& 163', 'PHYS& 242', 'ENGR& 214', 'ENGR& 224', 'MATH& 264', 'PHYS& 243', 'ENGR& 215', 'ENGR 216', 'MATH 260', 'ENGR& 225', 'ENGR 220', 'ENGR 240', 'MATH 261']","[1, 1, 1, 2, 2, 2, 3, 3, 3, 3, 4, 4, 1, 1, 1, 1, 2, 2, 2, 2, 3, 3, 3, 3, 4]",['Mechanical Engineering'],['Washington State University']
220,[220],"['ENGR& 114', 'ENGR& 204', 'MATH 261', 'ENGR& 224', 'ENGR 240']","[2, 2, 3, 3, 3]",['Mechanical Engineering'],['Washington State University']
224,[224],"['MATH& 152', 'PHYS& 241', 'ENGR 111', 'MATH& 163', 'PHYS& 241', 'ENGR 121', 'PHYS 130', 'ENGL& 230', 'MATH& 264', 'PHYS& 242', 'ENGR& 114', 'MATH 260', 'PHYS& 243', 'MATH 261', 'ENGR& 214', 'CHEM& 140', 'CHEM& 161', 'ECON& 202', 'ENGR& 225', 'ENGR 201', 'CHEM& 162', 'ENGR 240', 'ENGR& 204', 'ENGR& 215', 'ENGR 216', 'ENGR 220', 'ENGR& 224']","[2, 2, 2, 3, 3, 3, 3, 4, 1, 1, 1, 2, 2, 3, 3, 3, 4, 4, 1, 1, 1, 2, 2, 2, 3, 3, 3]",['Mechanical Engineering'],['University of Washington Seattle']
228,[228],"['MATH& 152', 'CHEM& 140', 'ENGR 121', 'MATH& 163', 'CHEM& 161', 'PHYS& 241', 'MATH& 264', 'ENGR& 214', 'PHYS& 242', 'PHYS 130', 'PHYS& 243', 'ENGR& 215', 'ENGR 240', 'MATH 260', 'ENGR& 224', 'ENGR& 225']","[2, 2, 2, 3, 3, 3, 1, 1, 1, 1, 2, 2, 2, 3, 3, 3]",['General Major'],['University of Washington Seattle']
232,[232],"['MATH& 142', 'CS 110', 'MATH& 151', 'CS& 131', 'MATH& 152', 'MATH& 146', 'CS& 132', 'CS 132', 'PHYS& 241', 'CS 233']","[2, 2, 3, 3, 4, 1, 1, 1, 1, 3]",['Computer Science'],['Washington State University']
234,[234],['ENGL& 101'],[2],['General Major'],['University of Washington Seattle']
238,[238],"['ENGL& 230', 'MATH 261', 'ENGR& 215', 'HUM& 101', 'PHYS& 242', 'ENGR& 225', 'PHYS 130', 'PHYS& 243', 'ENGR& 224', 'ENGR 220']","[4, 1, 1, 1, 2, 2, 2, 3, 3, 3]",['Mechanical Engineering'],['Washington State University']
242,[242],"['ENGR 121', 'ENGR 201', 'ENGR& 224', 'ENGR& 114', 'ENGR 240', 'ENGR& 215', 'ENGR& 225', 'ENGR 216', 'ENGR 220', 'ENGR& 204', 'ENGR 240']","[4, 1, 1, 2, 2, 2, 3, 3, 3, 4, 4]",['Mechanical Engineering'],['Washington State University']
243,[243],"['MATH& 151', 'CHEM& 161', 'ENGR 121', 'MATH& 152', 'CHEM& 162', 'ENGL& 230', 'MATH& 163', 'PHYS& 241', 'ENGR& 214', 'ENGR& 114', 'MATH& 264', 'PHYS& 242', 'PHYS 130', 'ENGR& 215', 'ENGR 240', 'MATH 260', 'PHYS& 243', 'ENGR& 225', 'ENGR 220', 'MATH 261']","[3, 3, 3, 4, 4, 4, 1, 1, 1, 1, 2, 2, 2, 2, 2, 3, 3, 3, 3, 4]",['Mechanical Engineering'],['Washington State University']
247,[247],"['MATH 260', 'ENGR 121', 'ENGR 201', 'ENGR& 215', 'ENGR 240', 'ENGR& 204', 'ENGR& 225', 'ENGR& 224', 'ENGR 216', 'ENGR 220']","[1, 1, 1, 2, 2, 2, 3, 3, 3, 1]",['Mechanical Engineering'],['Washington State University']
248,[248],"['MATH 261', 'ENGR& 204', 'ENGR 205', 'ENGR& 215', 'ENGR& 224', 'ENGR 201', 'ENGR 240', 'ENGR& 114', 'ENGR 220', 'ECON& 202', 'ENGR& 225', 'ENGR 216']","[4, 4, 4, 1, 1, 1, 2, 2, 2, 2, 3, 3]",['Mechanical Engineering'],['Washington State University']
252,[252],"['ENGL& 102D', 'MATH& 141', 'CHEM& 121', 'MATH& 146', 'BIOL& 211', 'CHEM& 131', 'PSYC& 100', 'BIOL& 231', 'CMST& 210', 'BIOL& 232', 'PSYC& 200', 'CMST& 220', 'BIOL& 260', 'SOC& 101', 'HUM& 101']","[3, 3, 3, 1, 1, 1, 2, 2, 2, 3, 3, 3, 1, 1, 1]",['Nursing'],['Washington State University']
253,[253],"['ENGL& 102D', 'PSYC& 100', 'CHEM& 121', 'CMST& 210', 'PSYC& 200', 'BIOL& 211', 'BIOL& 231', 'BIOL& 232', 'MATH& 146', 'BIOL& 260']","[3, 3, 3, 1, 1, 1, 2, 3, 4, 1]",['General Major'],['Washington State University']
257,[257],"['MATH& 264', 'ENGR 101', 'CHEM& 262', 'PHYS& 114', 'BIOL& 222', 'PHYS& 241', 'MATH& 163', 'ENGR 111', 'MATH& 264', 'ENGR 121', 'PHYS& 242', 'ENGR& 214', 'PHYS& 243']","[3, 3, 3, 3, 3, 1, 1, 1, 2, 2, 2, 3, 3]",['Chemical Engineering'],['University of Washington Seattle']
261,[261],"['MATH& 151', 'SPAN& 122', 'CHEM& 121', 'PSYC& 100']","[3, 3, 2, 2]",['General Major'],['Washington State University']
265,[265],"['MATH& 141', 'CHEM& 140', 'ENGL& 102', 'MATH& 142', 'PHIL 215', 'PSYC& 100', 'MATH& 151', 'BIOL& 221', 'CHEM& 161', 'CHEM& 162', 'BIOL& 222', 'BIOL& 223', 'CHEM& 163', 'BIOL& 231', 'CHEM& 261', 'BIOL& 232', 'CHEM& 262', 'CHEM& 263', 'BIOL& 260', 'ECON& 201', 'CMST& 210']","[2, 2, 2, 3, 3, 3, 4, 1, 1, 2, 2, 3, 3, 4, 1, 1, 2, 3, 3, 4, 4]",['Pharmacy'],['Washington State University']
269,[269],"['CHEM& 161', 'DEVED 100', 'CHEM& 162', 'ENGR& 114', 'PHYS& 241', 'ENGR 201', 'PHYS& 242', 'ENGR 240', 'ENGR& 204', 'PHYS& 243', 'MATH& 151']","[3, 3, 4, 4, 1, 1, 2, 2, 2, 3, 3]",['Mechanical Engineering'],['University of Washington Seattle']
273,[273],"['MATH 261', 'PHYS& 241', 'ENGR& 214', 'MATH 260', 'PHYS& 242', 'ENGR& 215', 'ENGR 240', 'PHYS& 243', 'ENGR& 225', 'MATH 246']","[1, 1, 1, 2, 2, 2, 3, 3, 3, 3]",['Mechanical Engineering'],['Washington State University']
277,[277],"['MATH& 141', 'ENGR 111', 'CHEM& 140', 'MATH& 142', 'CHEM& 161', 'MATH& 151', 'PHYS& 114', 'MATH& 152', 'CHEM& 162', 'ENGR 121', 'MATH& 163', 'PHYS& 241', 'MATH& 264', 'PHYS& 242', 'ENGR& 214', 'PHYS& 243', 'ENGR& 215', 'ENGR& 224', 'MATH 261', 'ENGR& 225', 'MATH 260', 'ENGR 240']","[2, 2, 2, 3, 3, 4, 4, 1, 1, 1, 2, 2, 3, 3, 3, 1, 1, 1, 2, 2, 3, 3]",['Aeronautics Engineering'],['University of Washington Seattle']
281,[281],"['MATH& 142', 'CHEM& 161', 'CHEM& 162', 'CMST& 220', 'MATH& 151', 'PHYS 130', 'MATH& 152', 'PHYS& 241', 'MATH& 163', 'PHYS& 242', 'ENGL& 230', 'ECON& 202', 'PHYS& 243', 'ENGR& 214', 'MATH 260', 'ENGR& 215', 'MATH 261', 'ENGR& 225', 'ENGR 220', 'ENGR& 114', 'ENGR 240', 'ENGR 216', 'ENGR& 204']","[2, 2, 3, 3, 1, 1, 2, 2, 3, 3, 4, 4, 1, 1, 2, 2, 3, 3, 3, 1, 2, 3, 3]",['Mechanical Engineering'],['Washington State University']
285,[285],"['CMST& 102', 'PHOTO 110', 'ART 110', 'ART 295', 'CMST& 210']","[4, 4, 4, 3, 4]",['Graphic Design'],['Washington State University']
289,[289],"['MATH& 151', 'ENGR& 114', 'MATH& 152', 'PHYS& 241', 'ENGR 121', 'MATH& 163', 'ENGR& 214', 'PHYS 130', 'CHEM& 161', 'CHEM& 162', 'MATH& 264', 'PHYS& 242', 'ENGR& 215', 'MATH 261', 'PHYS& 243', 'ENGR& 225', 'ENGR 220', 'MATH 260', 'ENGR& 224', 'ENGR 240', 'ENGR& 204', 'ENGR 205', 'ENGR 201', 'ENGR 216']","[1, 1, 2, 2, 2, 3, 3, 3, 4, 4, 1, 1, 1, 2, 2, 2, 2, 3, 3, 3, 4, 4, 1, 2]",['Mechanical Engineering'],['Washington State University']
293,[293],"['MATH& 142', 'CHEM& 140', 'ENGR 111', 'MATH& 151', 'CHEM& 161', 'PHYS& 114', 'MATH& 152', 'CHEM& 162', 'PHYS& 241', 'ENGR 121', 'ENGR& 114', 'ENGL& 230', 'MATH& 163', 'PHYS& 242', 'ENGR& 214', 'ENGR& 224', 'MATH& 264', 'PHYS& 243', 'ENGR& 215', 'ENGR 216', 'MATH 260', 'ENGR& 225', 'ENGR 220', 'ENGR 240', 'MATH 261']","[1, 1, 1, 2, 2, 2, 3, 3, 3, 3, 4, 4, 1, 1, 1, 1, 2, 2, 2, 2, 3, 3, 3, 3, 4]",['Mechanical Engineering'],['Washington State University']
294,[294],"['ENGR& 114', 'ENGR& 204', 'MATH 261', 'ENGR& 224', 'ENGR 240']","[2, 2, 3, 3, 3]",['Mechanical Engineering'],['Washington State University']
298,[298],"['MATH& 152', 'PHYS& 241', 'ENGR 111', 'MATH& 163', 'PHYS& 241', 'ENGR 121', 'PHYS 130', 'ENGL& 230', 'MATH& 264', 'PHYS& 242', 'ENGR& 114', 'MATH 260', 'PHYS& 243', 'MATH 261', 'ENGR& 214', 'CHEM& 140', 'CHEM& 161', 'ECON& 202', 'ENGR& 225', 'ENGR 201', 'CHEM& 162', 'ENGR 240', 'ENGR& 204', 'ENGR& 215', 'ENGR 216', 'ENGR 220', 'ENGR& 224']","[2, 2, 2, 3, 3, 3, 3, 4, 1, 1, 1, 2, 2, 3, 3, 3, 4, 4, 1, 1, 1, 2, 2, 2, 3, 3, 3]",['Mechanical Engineering'],['University of Washington Seattle']
302,[302],"['MATH& 152', 'CHEM& 140', 'ENGR 121', 'MATH& 163', 'CHEM& 161', 'PHYS& 241', 'MATH& 264', 'ENGR& 214', 'PHYS& 242', 'PHYS 130', 'PHYS& 243', 'ENGR& 215', 'ENGR 240', 'MATH 260', 'ENGR& 224', 'ENGR& 225']","[2, 2, 2, 3, 3, 3, 1, 1, 1, 1, 2, 2, 2, 3, 3, 3]",['General Major'],['University of Washington Seattle']
306,[306],"['MATH& 142', 'CS 110', 'MATH& 151', 'CS& 131', 'MATH& 152', 'MATH& 146', 'CS& 132', 'CS 132', 'PHYS& 241', 'CS 233']","[2, 2, 3, 3, 4, 1, 1, 1, 1, 3]",['Computer Science'],['Washington State University']
308,[308],['ENGL& 101'],[2],['General Major'],['University of Washington Seattle']
309,[309],"['ENGL& 101', 'PHYS& 231', 'PHYS& 242', 'PHYS& 243']","[2, 1, 2, 3]",['General Major'],['University of Washington Seattle']
314,[314],"['ENGL& 101', 'PHYS& 231', 'PHYS& 242', 'PHYS& 243']","[2, 1, 2, 3]",['General Major'],['University of Washington Seattle']
315,[315],"['ENGL& 101', 'PHYS& 231', 'PHYS& 242', 'PHYS& 243']","[2, 1, 2, 3]",['General Major'],['University of Washington Seattle']
323,[323],"['MATH& 152', 'CHEM& 161', 'ENGR 121', 'MATH& 163', 'CHEM& 162', 'PHYS& 241', 'PHYS 130', 'MATH& 264', 'MATH 261', 'PHYS& 242', 'CS& 131', 'MATH 260', 'PHYS& 243', 'CS& 132', 'CS 132', 'ENGR& 214', 'ENGR 202', 'ENGR 240', 'ENGR& 204', 'ECON& 202']","[2, 2, 2, 3, 3, 3, 3, 4, 1, 1, 1, 2, 2, 2, 2, 3, 3, 3, 4, 4]",['Electrical Engineering'],['Washington State University']
327,[327],"['MATH& 142', 'CS& 131', 'MATH& 151', 'CS& 132', 'CS 132']","[2, 2, 3, 3, 3]",['Computer Science'],['Washington State University']
331,[331],"['MATH& 141', 'CHEM& 140', 'MATH& 142', 'PHIL 215', 'MATH& 151', 'CHEM& 161', 'CHEM& 162', 'CHEM& 261', 'CHEM& 262', 'CHEM& 263', 'ECON& 201', 'CMST& 210']","[2, 2, 3, 3, 4, 1, 2, 1, 2, 3, 4, 4]",['Pharmacy'],['Washington State University']
335,[335],"['MATH& 152', 'ENGR 121', 'CS& 131', 'PHYS& 241', 'MATH& 163', 'MATH& 264', 'ENGR 202', 'MATH 260', 'PHYS& 242', 'MATH 261', 'PHYS& 243', 'ENGR& 204', 'ENGR 205', 'ENGR 240']","[2, 2, 3, 3, 3, 4, 1, 1, 1, 2, 2, 3, 3, 3]",['Electrical Engineering'],['Washington State University']
339,[339],"['ENGR 101', 'MATH& 163', 'CS 110', 'CS& 131', 'CS& 132', 'CS 132', 'ECON& 201', 'MATH& 146', 'CS 233', 'MATH 260']","[1, 1, 1, 2, 3, 3, 1, 2, 3, 3]",['Computer Science'],['Washington State University']
343,[343],"['MATH& 142', 'CHEM& 161', 'FRCH& 122', 'MATH& 151', 'CHEM& 162', 'PHYS& 114', 'MATH& 152', 'MATH& 163', 'PHYS& 241', 'ENGR 111', 'MATH& 264', 'ENGL& 102', 'PHYS& 242', 'PHYS 130', 'PHYS& 243', 'HIST& 147', 'MATH 261', 'ENGR& 114', 'ENGR 201', 'ENGR 121', 'ENGR& 214', 'ENGR& 215', 'ENGR 240', 'MATH 260', 'ENGR& 225', 'ENGR& 204']","[2, 2, 2, 3, 3, 3, 4, 1, 1, 1, 2, 2, 2, 2, 3, 3, 4, 4, 1, 1, 1, 2, 2, 2, 3, 3]",['Mechanical Engineering'],['University of Washington Seattle']
347,[347],"['MATH& 151', 'ENGL& 101', 'CS 110', 'MATH& 152', 'CS& 131', 'PHYS& 241', 'CS& 132', 'CS 132', 'MATH& 163', 'PHYS& 241', 'MATH 260', 'PHYS& 242', 'CS 233', 'PHYS& 243']","[2, 2, 2, 3, 3, 3, 1, 1, 1, 1, 2, 2, 3, 3]",['Computer Science'],['Washington State University']
351,[351],"['MATH& 141', 'ENGL& 101', 'CHEM& 140', 'PHYS 130', 'MATH& 142', 'ENGR 111', 'CHEM& 161', 'MATH& 151', 'PHYS& 114', 'ENGR 121', 'MATH& 152', 'PHYS& 241', 'CS& 131', 'MATH& 163', 'PHYS& 242', 'CS& 132', 'CS 132', 'MATH& 264', 'PHYS& 243', 'MATH 260', 'MATH 261', 'ENGR& 204', 'MATH& 142', 'ENGR 111', 'CHEM& 140', 'MATH& 151', 'ENGR 121', 'CHEM& 161', 'MATH& 152', 'ECON& 202', 'CHEM& 162', 'MATH& 163', 'PHYS& 114']","[2, 2, 2, 2, 3, 3, 3, 4, 4, 4, 1, 1, 1, 2, 2, 2, 2, 3, 3, 3, 4, 4, 4, 1, 1, 2, 2, 2, 3, 3, 3, 4, 4]",['Computer Engineering'],['University of Washington Bothell']
356,[356],"['MATH& 141', 'CS 110', 'MATH& 142', 'CS& 131', 'PHOTO 110', 'MATH& 151', 'CS& 132', 'CS 132', 'ART 110', 'MATH& 152', 'PHYS& 114', 'MATH& 146', 'CS 233']","[2, 2, 3, 3, 3, 1, 1, 1, 1, 2, 2, 3, 3]",['Computer Science and Software Engineering'],['Washington State University']
360,[360],"['MATH& 163', 'ENGL& 102', 'CS 143', 'MATH 260', 'PHYS& 241']","[2, 2, 3, 3, 1]",['Computer Science'],['Washington State University']
361,[361],"['PHYS& 231', 'PHYS& 242', 'PHYS& 243', 'IT 111', 'IT 161', 'IT 162', 'IT 117', 'CJ 203', 'CS 110', 'IT 122', 'CS& 131', 'IT 210']","[2, 3, 1, 1, 1, 2, 3, 3, 1, 1, 2, 2]",['Electrical Engineering'],['Washington State University']
365,[365],"['MATH& 152', 'PHYS 130', 'ENGR 111', 'ENGL& 230', 'MATH& 163', 'PHYS& 241', 'ENGR 121', 'MATH 260', 'PHYS& 242', 'MATH 261', 'ENGR& 215', 'PHYS& 243', 'ENGR& 225', 'CHEM& 161', 'CHEM& 162']","[2, 2, 2, 2, 3, 3, 3, 1, 1, 2, 2, 2, 3, 3, 1]",['Mechanical Engineering'],['Washington State University']
369,[369],"['MATH& 142', 'CHEM& 140', 'ENGR& 114', 'MATH& 151', 'CHEM& 161', 'ENGR 121', 'ECON& 202', 'MATH& 152', 'PHYS& 114', 'MATH& 163', 'ENGR& 214', 'PHYS& 241', 'CHEM& 162', 'PHYS& 242', 'ENGR& 215', 'MATH& 264', 'MATH 260', 'PHYS& 243', 'ENGR& 225', 'ENGR 240', 'MATH 261']","[2, 2, 2, 3, 3, 3, 3, 4, 4, 1, 1, 1, 2, 2, 2, 2, 3, 3, 3, 3, 4]",['Mechanical Engineering'],['Washington State University']
373,[373],"['ENGL& 101', 'ECON& 202', 'MATH& 141', 'CHEM& 140', 'ENGR 111', 'MATH& 142', 'PHYS& 114', 'CS& 131', 'MATH& 151', 'CHEM& 161', 'ENGR 121', 'MATH& 152', 'PHYS& 114', 'PHYS 130', 'MATH& 163', 'PHYS& 241', 'CS& 132', 'CS 132', 'MATH& 264', 'MATH 261', 'PHYS& 242', 'ENGR& 214', 'MATH 260', 'PHYS& 243', 'ENGR 216', 'ENGR& 204', 'ENGR 205', 'ENGR 240']","[2, 2, 3, 3, 3, 4, 4, 4, 1, 1, 1, 2, 2, 2, 3, 3, 3, 3, 4, 1, 1, 1, 2, 2, 2, 3, 3, 3]",['Electrical Engineering'],['Washington State University']
377,[377],"['CHEM& 140', 'MATH& 141', 'ENGR 111', 'CHEM& 161', 'MATH& 142', 'CHEM& 162', 'PHYS& 114', 'MATH& 152', 'ENGR 121', 'PHYS& 241', 'MATH& 163', 'PHYS& 242', 'MATH& 264', 'PHYS& 243', 'ENGR& 214', 'MATH 260', 'ENGR& 215', 'ENGR& 114', 'ENGR& 225', 'MATH 261', 'ENGR 240', 'ENGR& 204']","[1, 2, 2, 2, 3, 3, 3, 1, 1, 1, 2, 2, 3, 3, 3, 1, 1, 1, 2, 2, 3, 3]",['Mechanical Engineering'],['University of Washington Seattle']
378,[378],"['ENGR 298', 'MATH& 141', 'ENGR 298', 'MATH& 142', 'MATH& 151', 'PHYS& 114', 'MATH& 152', 'PHYS& 242', 'MATH& 163', 'PHYS 130', 'CHEM& 140', 'MATH& 264', 'PHYS& 243', 'MATH 260', 'ENGR& 214', 'MATH 261', 'ENGR& 215', 'ENGR& 225', 'CHEM& 161', 'CHEM& 162']","[2, 3, 3, 4, 1, 1, 2, 2, 3, 3, 4, 1, 1, 2, 2, 3, 3, 1, 2, 3]",['Mechanical Engineering'],['Washington State University']
384,[384],"['ENGL& 101', 'MATH& 141', 'CHEM& 140', 'ENGR 111', 'MATH& 142', 'CHEM& 161', 'PHYS& 114', 'MATH& 151', 'ENGR 121', 'CHEM& 161', 'MATH& 152', 'ECON& 202', 'MATH& 163', 'PHYS& 241', 'MATH& 264', 'PHYS& 242', 'ENGR& 214', 'PHYS 130', 'MATH 260', 'PHYS& 243', 'ENGR& 215', 'MATH 261', 'ENGR& 215']","[2, 3, 3, 3, 1, 1, 1, 2, 2, 2, 3, 3, 1, 1, 2, 2, 2, 2, 3, 3, 3, 1, 2]",['Mechanical Engineering'],['Washington State University']
388,[388],"['ENGL& 101', 'MATH& 141', 'MATH& 142', 'ENGR 111', 'CHEM& 162', 'MATH& 151', 'PHYS& 114', 'MATH& 152', 'PHYS& 241', 'ENGR 121', 'MATH& 163', 'PHYS& 242', 'ECON& 202', 'MATH& 264', 'PHYS& 243', 'ENGR& 214', 'MATH 261', 'ENGR& 114', 'MATH 260', 'ENGR& 215', 'ENGR 201', 'ENGR& 225', 'ENGR 240', 'ENGR& 224', 'ENGR 216', 'ENGR& 204']","[2, 2, 3, 3, 3, 4, 4, 1, 1, 1, 2, 2, 2, 3, 3, 3, 4, 4, 1, 1, 1, 2, 2, 3, 3, 3]",['Mechanical Engineering'],['Washington State University']
389,[389],"['ENGL& 101', 'PHYS& 231', 'PHYS& 242', 'PHYS& 243']","[2, 1, 2, 3]",['General Major'],['University of Washington Seattle']
393,[393],"['ENGL& 230', 'MATH 261', 'ENGR& 215', 'HUM& 101', 'PHYS& 242', 'ENGR& 225', 'PHYS 130', 'PHYS& 243', 'ENGR& 224', 'ENGR 220']","[4, 1, 1, 1, 2, 2, 2, 3, 3, 3]",['Mechanical Engineering'],['Washington State University']
397,[397],"['ENGR 121', 'ENGR 201', 'ENGR& 224', 'ENGR& 114', 'ENGR 240', 'ENGR& 215', 'ENGR& 225', 'ENGR 216', 'ENGR 220', 'ENGR& 204', 'ENGR 240']","[4, 1, 1, 2, 2, 2, 3, 3, 3, 4, 4]",['Mechanical Engineering'],['Washington State University']
398,[398],"['MATH& 151', 'CHEM& 161', 'ENGR 121', 'MATH& 152', 'CHEM& 162', 'ENGL& 230', 'MATH& 163', 'PHYS& 241', 'ENGR& 214', 'ENGR& 114', 'MATH& 264', 'PHYS& 242', 'PHYS 130', 'ENGR& 215', 'ENGR 240', 'MATH 260', 'PHYS& 243', 'ENGR& 225', 'ENGR 220', 'MATH 261']","[3, 3, 3, 4, 4, 4, 1, 1, 1, 1, 2, 2, 2, 2, 2, 3, 3, 3, 3, 4]",['Mechanical Engineering'],['Washington State University']
402,[402],"['MATH 260', 'ENGR 121', 'ENGR 201', 'ENGR& 215', 'ENGR 240', 'ENGR& 204', 'ENGR& 225', 'ENGR& 224', 'ENGR 216', 'ENGR 220']","[1, 1, 1, 2, 2, 2, 3, 3, 3, 1]",['Mechanical Engineering'],['Washington State University']
403,[403],"['MATH 261', 'ENGR& 204', 'ENGR 205', 'ENGR& 215', 'ENGR& 224', 'ENGR 201', 'ENGR 240', 'ENGR& 114', 'ENGR 220', 'ECON& 202', 'ENGR& 225', 'ENGR 216']","[4, 4, 4, 1, 1, 1, 2, 2, 2, 2, 3, 3]",['Mechanical Engineering'],['Washington State University']
407,[407],"['ENGL& 102D', 'MATH& 141', 'CHEM& 121', 'MATH& 146', 'BIOL& 211', 'CHEM& 131', 'PSYC& 100', 'BIOL& 231', 'CMST& 210', 'BIOL& 232', 'PSYC& 200', 'CMST& 220', 'BIOL& 260', 'SOC& 101', 'HUM& 101']","[3, 3, 3, 1, 1, 1, 2, 2, 2, 3, 3, 3, 1, 1, 1]",['Nursing'],['Washington State University']
408,[408],"['ENGL& 102D', 'PSYC& 100', 'CHEM& 121', 'CMST& 210', 'PSYC& 200', 'BIOL& 211', 'BIOL& 231', 'BIOL& 232', 'MATH& 146', 'BIOL& 260']","[3, 3, 3, 1, 1, 1, 2, 3, 4, 1]",['General Major'],['Washington State University']
412,[412],"['MATH& 264', 'ENGR 101', 'CHEM& 262', 'PHYS& 114', 'BIOL& 222', 'PHYS& 241', 'MATH& 163', 'ENGR 111', 'MATH& 264', 'ENGR 121', 'PHYS& 242', 'ENGR& 214', 'PHYS& 243']","[3, 3, 3, 3, 3, 1, 1, 1, 2, 2, 2, 3, 3]",['Chemical Engineering'],['University of Washington Seattle']
416,[416],"['MATH& 151', 'SPAN& 122', 'CHEM& 121', 'PSYC& 100']","[3, 3, 2, 2]",['General Major'],['Washington State University']
420,[420],"['MATH& 141', 'CHEM& 140', 'ENGL& 102', 'MATH& 142', 'PHIL 215', 'PSYC& 100', 'MATH& 151', 'BIOL& 221', 'CHEM& 161', 'CHEM& 162', 'BIOL& 222', 'BIOL& 223', 'CHEM& 163', 'BIOL& 231', 'CHEM& 261', 'BIOL& 232', 'CHEM& 262', 'CHEM& 263', 'BIOL& 260', 'ECON& 201', 'CMST& 210']","[2, 2, 2, 3, 3, 3, 4, 1, 1, 2, 2, 3, 3, 4, 1, 1, 2, 3, 3, 4, 4]",['Pharmacy'],['Washington State University']
424,[424],"['CHEM& 161', 'DEVED 100', 'CHEM& 162', 'ENGR& 114', 'PHYS& 241', 'ENGR 201', 'PHYS& 242', 'ENGR 240', 'ENGR& 204', 'PHYS& 243', 'MATH& 151']","[3, 3, 4, 4, 1, 1, 2, 2, 2, 3, 3]",['Mechanical Engineering'],['University of Washington Seattle']
428,[428],"['MATH 261', 'PHYS& 241', 'ENGR& 214', 'MATH 260', 'PHYS& 242', 'ENGR& 215', 'ENGR 240', 'PHYS& 243', 'ENGR& 225', 'MATH 246']","[1, 1, 1, 2, 2, 2, 3, 3, 3, 3]",['Mechanical Engineering'],['Washington State University']
432,[432],"['MATH& 141', 'ENGR 111', 'CHEM& 140', 'MATH& 142', 'CHEM& 161', 'MATH& 151', 'PHYS& 114', 'MATH& 152', 'CHEM& 162', 'ENGR 121', 'MATH& 163', 'PHYS& 241', 'MATH& 264', 'PHYS& 242', 'ENGR& 214', 'PHYS& 243', 'ENGR& 215', 'ENGR& 224', 'MATH 261', 'ENGR& 225', 'MATH 260', 'ENGR 240']","[2, 2, 2, 3, 3, 4, 4, 1, 1, 1, 2, 2, 3, 3, 3, 1, 1, 1, 2, 2, 3, 3]",['Aeronautics Engineering'],['University of Washington Seattle']
436,[436],"['MATH& 142', 'CHEM& 161', 'CHEM& 162', 'CMST& 220', 'MATH& 151', 'PHYS 130', 'MATH& 152', 'PHYS& 241', 'MATH& 163', 'PHYS& 242', 'ENGL& 230', 'ECON& 202', 'PHYS& 243', 'ENGR& 214', 'MATH 260', 'ENGR& 215', 'MATH 261', 'ENGR& 225', 'ENGR 220', 'ENGR& 114', 'ENGR 240', 'ENGR 216', 'ENGR& 204']","[2, 2, 3, 3, 1, 1, 2, 2, 3, 3, 4, 4, 1, 1, 2, 2, 3, 3, 3, 1, 2, 3, 3]",['Mechanical Engineering'],['Washington State University']
440,[440],"['CMST& 102', 'PHOTO 110', 'ART 110', 'ART 295', 'CMST& 210']","[4, 4, 4, 3, 4]",['Graphic Design'],['Washington State University']
444,[444],"['MATH& 151', 'ENGR& 114', 'MATH& 152', 'PHYS& 241', 'ENGR 121', 'MATH& 163', 'ENGR& 214', 'PHYS 130', 'CHEM& 161', 'CHEM& 162', 'MATH& 264', 'PHYS& 242', 'ENGR& 215', 'MATH 261', 'PHYS& 243', 'ENGR& 225', 'ENGR 220', 'MATH 260', 'ENGR& 224', 'ENGR 240', 'ENGR& 204', 'ENGR 205', 'ENGR 201', 'ENGR 216']","[1, 1, 2, 2, 2, 3, 3, 3, 4, 4, 1, 1, 1, 2, 2, 2, 2, 3, 3, 3, 4, 4, 1, 2]",['Mechanical Engineering'],['Washington State University']
448,[448],"['MATH& 142', 'CHEM& 140', 'ENGR 111', 'MATH& 151', 'CHEM& 161', 'PHYS& 114', 'MATH& 152', 'CHEM& 162', 'PHYS& 241', 'ENGR 121', 'ENGR& 114', 'ENGL& 230', 'MATH& 163', 'PHYS& 242', 'ENGR& 214', 'ENGR& 224', 'MATH& 264', 'PHYS& 243', 'ENGR& 215', 'ENGR 216', 'MATH 260', 'ENGR& 225', 'ENGR 220', 'ENGR 240', 'MATH 261']","[1, 1, 1, 2, 2, 2, 3, 3, 3, 3, 4, 4, 1, 1, 1, 1, 2, 2, 2, 2, 3, 3, 3, 3, 4]",['Mechanical Engineering'],['Washington State University']
449,[449],"['ENGR& 114', 'ENGR& 204', 'MATH 261', 'ENGR& 224', 'ENGR 240']","[2, 2, 3, 3, 3]",['Mechanical Engineering'],['Washington State University']
453,[453],"['MATH& 152', 'PHYS& 241', 'ENGR 111', 'MATH& 163', 'PHYS& 241', 'ENGR 121', 'PHYS 130', 'ENGL& 230', 'MATH& 264', 'PHYS& 242', 'ENGR& 114', 'MATH 260', 'PHYS& 243', 'MATH 261', 'ENGR& 214', 'CHEM& 140', 'CHEM& 161', 'ECON& 202', 'ENGR& 225', 'ENGR 201', 'CHEM& 162', 'ENGR 240', 'ENGR& 204', 'ENGR& 215', 'ENGR 216', 'ENGR 220', 'ENGR& 224']","[2, 2, 2, 3, 3, 3, 3, 4, 1, 1, 1, 2, 2, 3, 3, 3, 4, 4, 1, 1, 1, 2, 2, 2, 3, 3, 3]",['Mechanical Engineering'],['University of Washington Seattle']
457,[457],"['MATH& 152', 'CHEM& 140', 'ENGR 121', 'MATH& 163', 'CHEM& 161', 'PHYS& 241', 'MATH& 264', 'ENGR& 214', 'PHYS& 242', 'PHYS 130', 'PHYS& 243', 'ENGR& 215', 'ENGR 240', 'MATH 260', 'ENGR& 224', 'ENGR& 225']","[2, 2, 2, 3, 3, 3, 1, 1, 1, 1, 2, 2, 2, 3, 3, 3]",['General Major'],['University of Washington Seattle']
461,[461],"['MATH& 142', 'CS 110', 'MATH& 151', 'CS& 131', 'MATH& 152', 'MATH& 146', 'CS& 132', 'CS 132', 'PHYS& 241', 'CS 233']","[2, 2, 3, 3, 4, 1, 1, 1, 1, 3]",['Computer Science'],['Washington State University']
463,[463],"['ENGL& 101', 'PHYS& 231', 'PHYS& 242', 'PHYS& 243']","[2, 1, 2, 3]",['General Major'],['University of Washington Seattle']
471,[471],"['MATH& 152', 'CHEM& 161', 'ENGR 121', 'MATH& 163', 'CHEM& 162', 'PHYS& 241', 'PHYS 130', 'MATH& 264', 'MATH 261', 'PHYS& 242', 'CS& 131', 'MATH 260', 'PHYS& 243', 'CS& 132', 'CS 132', 'ENGR& 214', 'ENGR 202', 'ENGR 240', 'ENGR& 204', 'ECON& 202']","[2, 2, 2, 3, 3, 3, 3, 4, 1, 1, 1, 2, 2, 2, 2, 3, 3, 3, 4, 4]",['Electrical Engineering'],['Washington State University']
475,[475],"['MATH& 142', 'CS& 131', 'MATH& 151', 'CS& 132', 'CS 132']","[2, 2, 3, 3, 3]",['Computer Science'],['Washington State University']
479,[479],"['MATH& 141', 'CHEM& 140', 'MATH& 142', 'PHIL 215', 'MATH& 151', 'CHEM& 161', 'CHEM& 162', 'CHEM& 261', 'CHEM& 262', 'CHEM& 263', 'ECON& 201', 'CMST& 210']","[2, 2, 3, 3, 4, 1, 2, 1, 2, 3, 4, 4]",['Pharmacy'],['Washington State University']
483,[483],"['MATH& 152', 'ENGR 121', 'CS& 131', 'PHYS& 241', 'MATH& 163', 'MATH& 264', 'ENGR 202', 'MATH 260', 'PHYS& 242', 'MATH 261', 'PHYS& 243', 'ENGR& 204', 'ENGR 205', 'ENGR 240']","[2, 2, 3, 3, 3, 4, 1, 1, 1, 2, 2, 3, 3, 3]",['Electrical Engineering'],['Washington State University']
487,[487],"['ENGR 101', 'MATH& 163', 'CS 110', 'CS& 131', 'CS& 132', 'CS 132', 'ECON& 201', 'MATH& 146', 'CS 233', 'MATH 260']","[1, 1, 1, 2, 3, 3, 1, 2, 3, 3]",['Computer Science'],['Washington State University']
491,[491],"['MATH& 142', 'CHEM& 161', 'FRCH& 122', 'MATH& 151', 'CHEM& 162', 'PHYS& 114', 'MATH& 152', 'MATH& 163', 'PHYS& 241', 'ENGR 111', 'MATH& 264', 'ENGL& 102', 'PHYS& 242', 'PHYS 130', 'PHYS& 243', 'HIST& 147', 'MATH 261', 'ENGR& 114', 'ENGR 201', 'ENGR 121', 'ENGR& 214', 'ENGR& 215', 'ENGR 240', 'MATH 260', 'ENGR& 225', 'ENGR& 204']","[2, 2, 2, 3, 3, 3, 4, 1, 1, 1, 2, 2, 2, 2, 3, 3, 4, 4, 1, 1, 1, 2, 2, 2, 3, 3]",['Mechanical Engineering'],['University of Washington Seattle']
495,[495],"['MATH& 151', 'ENGL& 101', 'CS 110', 'MATH& 152', 'CS& 131', 'PHYS& 241', 'CS& 132', 'CS 132', 'MATH& 163', 'PHYS& 241', 'MATH 260', 'PHYS& 242', 'CS 233', 'PHYS& 243']","[2, 2, 2, 3, 3, 3, 1, 1, 1, 1, 2, 2, 3, 3]",['Computer Science'],['Washington State University']
499,[499],"['MATH& 141', 'ENGL& 101', 'CHEM& 140', 'PHYS 130', 'MATH& 142', 'ENGR 111', 'CHEM& 161', 'MATH& 151', 'PHYS& 114', 'ENGR 121', 'MATH& 152', 'PHYS& 241', 'CS& 131', 'MATH& 163', 'PHYS& 242', 'CS& 132', 'CS 132', 'MATH& 264', 'PHYS& 243', 'MATH 260', 'MATH 261', 'ENGR& 204', 'MATH& 142', 'ENGR 111', 'CHEM& 140', 'MATH& 151', 'ENGR 121', 'CHEM& 161', 'MATH& 152', 'ECON& 202', 'CHEM& 162', 'MATH& 163', 'PHYS& 114']","[2, 2, 2, 2, 3, 3, 3, 4, 4, 4, 1, 1, 1, 2, 2, 2, 2, 3, 3, 3, 4, 4, 4, 1, 1, 2, 2, 2, 3, 3, 3, 4, 4]",['Computer Engineering'],['University of Washington Bothell']
504,[504],"['MATH& 141', 'CS 110', 'MATH& 142', 'CS& 131', 'PHOTO 110', 'MATH& 151', 'CS& 132', 'CS 132', 'ART 110', 'MATH& 152', 'PHYS& 114', 'MATH& 146', 'CS 233']","[2, 2, 3, 3, 3, 1, 1, 1, 1, 2, 2, 3, 3]",['Computer Science and Software Engineering'],['Washington State University']
508,[508],"['MATH& 163', 'ENGL& 102', 'CS 143', 'MATH 260', 'PHYS& 241']","[2, 2, 3, 3, 1]",['Computer Science'],['Washington State University']
509,[509],"['PHYS& 231', 'PHYS& 242', 'PHYS& 243', 'IT 111', 'IT 161', 'IT 162', 'IT 117', 'CJ 203', 'CS 110', 'IT 122', 'CS& 131', 'IT 210']","[2, 3, 1, 1, 1, 2, 3, 3, 1, 1, 2, 2]",['Electrical Engineering'],['Washington State University']
513,[513],"['MATH& 152', 'PHYS 130', 'ENGR 111', 'ENGL& 230', 'MATH& 163', 'PHYS& 241', 'ENGR 121', 'MATH 260', 'PHYS& 242', 'MATH 261', 'ENGR& 215', 'PHYS& 243', 'ENGR& 225', 'CHEM& 161', 'CHEM& 162']","[2, 2, 2, 2, 3, 3, 3, 1, 1, 2, 2, 2, 3, 3, 1]",['Mechanical Engineering'],['Washington State University']
517,[517],"['MATH& 142', 'CHEM& 140', 'ENGR& 114', 'MATH& 151', 'CHEM& 161', 'ENGR 121', 'ECON& 202', 'MATH& 152', 'PHYS& 114', 'MATH& 163', 'ENGR& 214', 'PHYS& 241', 'CHEM& 162', 'PHYS& 242', 'ENGR& 215', 'MATH& 264', 'MATH 260', 'PHYS& 243', 'ENGR& 225', 'ENGR 240', 'MATH 261']","[2, 2, 2, 3, 3, 3, 3, 4, 4, 1, 1, 1, 2, 2, 2, 2, 3, 3, 3, 3, 4]",['Mechanical Engineering'],['Washington State University']
521,[521],"['ENGL& 101', 'ECON& 202', 'MATH& 141', 'CHEM& 140', 'ENGR 111', 'MATH& 142', 'PHYS& 114', 'CS& 131', 'MATH& 151', 'CHEM& 161', 'ENGR 121', 'MATH& 152', 'PHYS& 114', 'PHYS 130', 'MATH& 163', 'PHYS& 241', 'CS& 132', 'CS 132', 'MATH& 264', 'MATH 261', 'PHYS& 242', 'ENGR& 214', 'MATH 260', 'PHYS& 243', 'ENGR 216', 'ENGR& 204', 'ENGR 205', 'ENGR 240']","[2, 2, 3, 3, 3, 4, 4, 4, 1, 1, 1, 2, 2, 2, 3, 3, 3, 3, 4, 1, 1, 1, 2, 2, 2, 3, 3, 3]",['Electrical Engineering'],['Washington State University']
525,[525],"['CHEM& 140', 'MATH& 141', 'ENGR 111', 'CHEM& 161', 'MATH& 142', 'CHEM& 162', 'PHYS& 114', 'MATH& 152', 'ENGR 121', 'PHYS& 241', 'MATH& 163', 'PHYS& 242', 'MATH& 264', 'PHYS& 243', 'ENGR& 214', 'MATH 260', 'ENGR& 215', 'ENGR& 114', 'ENGR& 225', 'MATH 261', 'ENGR 240', 'ENGR& 204']","[1, 2, 2, 2, 3, 3, 3, 1, 1, 1, 2, 2, 3, 3, 3, 1, 1, 1, 2, 2, 3, 3]",['Mechanical Engineering'],['University of Washington Seattle']
526,[526],"['ENGR 298', 'MATH& 141', 'ENGR 298', 'MATH& 142', 'MATH& 151', 'PHYS& 114', 'MATH& 152', 'PHYS& 242', 'MATH& 163', 'PHYS 130', 'CHEM& 140', 'MATH& 264', 'PHYS& 243', 'MATH 260', 'ENGR& 214', 'MATH 261', 'ENGR& 215', 'ENGR& 225', 'CHEM& 161', 'CHEM& 162']","[2, 3, 3, 4, 1, 1, 2, 2, 3, 3, 4, 1, 1, 2, 2, 3, 3, 1, 2, 3]",['Mechanical Engineering'],['Washington State University']
532,[532],"['ENGL& 101', 'MATH& 141', 'CHEM& 140', 'ENGR 111', 'MATH& 142', 'CHEM& 161', 'PHYS& 114', 'MATH& 151', 'ENGR 121', 'CHEM& 161', 'MATH& 152', 'ECON& 202', 'MATH& 163', 'PHYS& 241', 'MATH& 264', 'PHYS& 242', 'ENGR& 214', 'PHYS 130', 'MATH 260', 'PHYS& 243', 'ENGR& 215', 'MATH 261', 'ENGR& 215']","[2, 3, 3, 3, 1, 1, 1, 2, 2, 2, 3, 3, 1, 1, 2, 2, 2, 2, 3, 3, 3, 1, 2]",['Mechanical Engineering'],['Washington State University']
536,[536],"['ENGL& 101', 'MATH& 141', 'MATH& 142', 'ENGR 111', 'CHEM& 162', 'MATH& 151', 'PHYS& 114', 'MATH& 152', 'PHYS& 241', 'ENGR 121', 'MATH& 163', 'PHYS& 242', 'ECON& 202', 'MATH& 264', 'PHYS& 243', 'ENGR& 214', 'MATH 261', 'ENGR& 114', 'MATH 260', 'ENGR& 215', 'ENGR 201', 'ENGR& 225', 'ENGR 240', 'ENGR& 224', 'ENGR 216', 'ENGR& 204']","[2, 2, 3, 3, 3, 4, 4, 1, 1, 1, 2, 2, 2, 3, 3, 3, 4, 4, 1, 1, 1, 2, 2, 3, 3, 3]",['Mechanical Engineering'],['Washington State University']
545,[545],['ANTH& 206D'],[1],['Mechanical Engineering'],['Washington State University']
546,[546],"['ANTH& 206D', 'AEP 077', 'MATH& 151']","[1, 1, 2]",['Mechanical Engineering'],['Washington State University']
547,[547],"['ANTH& 206D', 'AEP 077', 'MATH& 151']","[1, 1, 2]",['Mechanical Engineering'],['Washington State University']
548,[548],"['ANTH& 206D', 'AEP 077', 'MATH& 151']","[1, 1, 2]",['Mechanical Engineering'],['Washington State University']
549,[549],"['ANTH& 206D', 'AEP 077', 'MATH& 151']","[1, 1, 2]",['Mechanical Engineering'],['Washington State University']
550,[550],"['ANTH& 206D', 'AEP 077', 'MATH& 151']","[1, 1, 2]",['Mechanical Engineering'],['Washington State University']
551,[551],"['ANTH& 206D', 'AEP 077', 'MATH& 151']","[1, 1, 2]",['Mechanical Engineering'],['Washington State University']
552,[552],"['ANTH& 206D', 'AEP 077', 'MATH& 151']","[1, 1, 2]",['Mechanical Engineering'],['Washington State University']
553,[553],"['ANTH& 206D', 'AEP 077', 'MATH& 151']","[1, 1, 2]",['Mechanical Engineering'],['Washington State University']
554,[554],"['ANTH& 206D', 'AEP 077', 'MATH& 151']","[1, 1, 2]",['Mechanical Engineering'],['Washington State University']
555,[555],"['ANTH& 206D', 'AEP 077', 'MATH& 151']","[1, 1, 2]",['Mechanical Engineering'],['Washington State University']
556,[556],"['ANTH& 206D', 'AEP 077', 'MATH& 151']","[1, 1, 2]",['Mechanical Engineering'],['Washington State University']
557,[557],"['ANTH& 206D', 'AEP 077', 'MATH& 151']","[1, 1, 2]",['Mechanical Engineering'],['Washington State University']
558,[558],"['ANTH& 206D', 'AEP 077', 'MATH& 151']","[1, 1, 2]",['Mechanical Engineering'],['Washington State University']
559,[559],"['ANTH& 206D', 'AEP 077', 'MATH& 151']","[1, 1, 2]",['Mechanical Engineering'],['Washington State University']
560,[560],"['ANTH& 206D', 'AEP 077', 'MATH& 151']","[1, 1, 2]",['Mechanical Engineering'],['Washington State University']
564,[564],"['ANTH& 206D', 'AEP 077', 'MATH& 151']","[1, 1, 2]",['Mechanical Engineering'],['Washington State University']
565,[565],"['ANTH& 206D', 'AEP 077', 'MATH& 151']","[1, 1, 2]",['Mechanical Engineering'],['Washington State University']
566,[566],"['ANTH& 206D', 'AEP 077', 'MATH& 151']","[1, 1, 2]",['Mechanical Engineering'],['Washington State University']
568,[568],"['ANTH& 206D', 'AEP 077', 'MATH& 151']","[1, 1, 2]",['Mechanical Engineering'],['University of Washington Seattle']
570,[570],"['ANTH& 206D', 'AEP 077', 'MATH& 151']","[1, 1, 2]",['Mechanical Engineering'],['Washington State University']
571,[571],"['ANTH& 206D', 'AEP 077', 'MATH& 151']","[1, 1, 2]",['Mechanical Engineering'],['University of Washington Seattle']
572,[572],"['ANTH& 206D', 'AEP 077', 'MATH& 151']","[1, 1, 2]",['Mechanical Engineering'],['University of Washington Seattle']
574,[574],"['ANTH& 206D', 'AEP 077', 'MATH& 151']","[1, 1, 2]",['Mechanical Engineering'],['University of Washington Seattle']
576,[576],"['ANTH& 206D', 'AEP 077', 'MATH& 151']","[1, 1, 2]",['Mechanical Engineering'],['University of Washington Seattle']
578,[578],"['ANTH& 206D', 'AEP 077', 'MATH& 151']","[1, 1, 2]",['Mechanical Engineering'],['University of Washington Seattle']
579,[579],"['ANTH& 206D', 'AEP 077', 'MATH& 151']","[1, 1, 2]",['Mechanical Engineering'],['University of Washington Seattle']
580,[580],"['ANTH& 206D', 'AEP 077', 'MATH& 151']","[1, 1, 2]",['Mechanical Engineering'],['Washington State University']
585,[585],"['PHYS& 233', 'ENGR 121', 'CS& 131', 'CS& 132', 'CS 132', 'ENGR& 214', 'ENGL& 230', 'ENGR& 204']","[3, 1, 2, 3, 3, 1, 3, 1]",['Electrical Engineering'],['Washington State University']
586,[586],"['ENGR 101', 'MATH& 151', 'ENGL 098', 'ENGL 098D', 'MATH& 152', 'ENGL& 101', 'ENGL& 101D', 'MATH& 163', 'CHEM& 161', 'MATH 261', 'MATH 260', 'CHEM& 161', 'PHYS& 241', 'ENGL& 230', 'PHYS 130', 'PHYS& 242', 'ENGR& 214', 'ENGR 202', 'PHYS& 243', 'ENGR& 204', 'ENGR 205', 'CS& 132', 'CS 132']","[3, 3, 3, 3, 4, 4, 4, 1, 1, 2, 3, 3, 3, 3, 3, 1, 1, 1, 2, 2, 2, 2, 2]",['Electrical Engineering'],['Washington State University']
587,[587],"['PHYS& 241', 'MATH& 152', 'ENGR& 214', 'CHEM& 162', 'CHEM& 161', 'PHYS& 242', 'ENGR& 215', 'PHYS 130', 'ENGR 201', 'PHYS& 243', 'ENGR& 225', 'MATH 260', 'ENGR 240', 'ENGR& 204', 'ENGR& 224']","[3, 3, 3, 4, 4, 1, 1, 1, 1, 2, 2, 2, 3, 3, 3]",['Mechanical Engineering'],['Washington State University']
588,[588],"['MATH& 163', 'ENGR 111', 'PHYS 130', 'PHYS& 242', 'MATH& 264', 'PHYS& 243', 'ENGR 121', 'MATH 261', 'ENGR& 114', 'MATH 260', 'ENGR& 214', 'CHEM& 161', 'CHEM& 162', 'ENGR& 215', 'ENGR 240', 'ENGL& 230', 'ENGR& 224', 'ENGR& 225']","[2, 2, 2, 2, 3, 3, 3, 4, 4, 1, 1, 1, 2, 2, 2, 3, 3, 3]",['Civil Engineering'],['University of Washington Seattle']
590,[590],"['MATH& 152', 'MATH& 163', 'ENGL& 235', 'MATH& 264', 'MATH 260', 'ENGR 101']","[1, 2, 2, 3, 3, 3]",['Mechanical Engineering'],['University of Washington Seattle']
591,[591],"['MATH& 163', 'PHYS& 242', 'PHYS 130', 'ENGL& 230', 'MATH 260', 'CS 110', 'PHYS& 233', 'MATH 261', 'ANTH 116D', 'HIST 103D', 'MATH& 264', 'CS& 131', 'ENGR 202', 'CS& 132', 'CS 132', 'ENGR& 204', 'SPAN 111']","[2, 2, 2, 2, 3, 3, 3, 4, 4, 4, 1, 1, 1, 2, 2, 2, 2]",['Electrical Engineering'],['Washington State University']
592,[592],"['MATH& 142', 'ENGR 111', 'CHEM& 161', 'MATH& 151', 'CHEM& 161', 'ENGR& 114', 'CHEM& 162', 'MATH& 152', 'PHYS& 114', 'ENGR 121', 'MATH& 163', 'PHYS& 241', 'PHYS 130', 'MATH& 264', 'PHYS& 242', 'ENGR& 214', 'ART 124D', 'ENGL& 230', 'MATH 260', 'ENGR 201', 'ENGR& 215', 'ENGR& 225', 'PHYS& 243', 'MATH 261', 'NUTR& 101', 'PHOTO 110', 'ENGR 240']","[2, 2, 2, 3, 3, 3, 4, 1, 1, 1, 2, 2, 2, 3, 3, 3, 4, 4, 1, 1, 1, 2, 2, 2, 3, 3, 3]",['Mechanical Engineering'],['University of Washington Seattle']
593,[593],"['MATH& 163', 'PHYS& 233', 'PHYS 130', 'ECON& 202', 'CHEM& 161', 'MATH 260', 'ENGR 201', 'CHEM& 162', 'MATH 261', 'ENGR& 215', 'ENGR 220', 'ENGL& 101', 'ENGL& 101D', 'MATH& 264', 'ENGR& 224', 'ENGR& 204', 'ENGR 216', 'ENGL& 235', 'ANTH 116D', 'ENGR 240']","[3, 3, 3, 3, 4, 1, 1, 1, 2, 2, 2, 2, 2, 3, 3, 3, 1, 1, 1, 2]",['Mechanical Engineering'],['Washington State University']
594,[594],"['CHEM& 140', 'MATH& 163', 'CHEM& 161', 'MATH& 264', 'ENGR 121', 'MATH 260', 'PHYS& 114', 'CS& 131', 'ENGL& 230', 'MATH 261', 'PHYS& 231', 'ENGR 240', 'ENGR& 214', 'CS& 132', 'CS 132', 'PHYS& 232', 'CS 143', 'ENGR 202', 'ENGR& 204', 'ENGR 205', 'PHYS& 233']","[3, 3, 1, 1, 1, 2, 2, 2, 2, 3, 3, 3, 4, 4, 4, 1, 1, 1, 2, 2, 2]",['Electrical Engineering'],['Washington State University']
595,[595],"['CHEM& 140', 'ENGL& 235', 'MATH& 152', 'ENGR 121', 'MATH& 163', 'PHYS& 114', 'CHEM& 162', 'MATH& 163', 'ENGR& 214', 'PHYS& 241', 'PHYS 130', 'ENGL& 230', 'MATH& 264', 'PHYS& 243', 'ENGR& 214', 'MATH 260', 'ENGR& 215', 'ENGR& 204', 'MATH 261', 'ENGR 202', 'ENGR 205', 'HIST 100', 'ENGR& 224', 'CS& 131', 'CHEM& 161', 'ENGR 240', 'CS& 132', 'CS 132']","[4, 4, 1, 1, 2, 2, 2, 3, 3, 3, 3, 4, 1, 1, 1, 2, 2, 2, 3, 3, 3, 4, 1, 1, 1, 2, 2, 2]",['Electrical Engineering'],['University of Washington Seattle']
596,[596],"['MATH& 152', 'CHEM& 140', 'ENGR 111', 'ENGR 101', 'MATH& 163', 'CHEM& 161', 'ENGR 121', 'MATH& 264', 'CS& 131', 'ENGR& 114', 'MATH 260', 'PHYS& 241', 'ENGL& 230', 'CS& 132', 'CS 132', 'MATH 261', 'ENGR 201', 'ENGR& 224', 'ENGR& 214', 'PHYS& 242', 'ENGR& 215', 'PHYS 130', 'ENGR 216', 'ENGR& 225', 'ENGR 220', 'ENGR 240', 'PHYS& 243', 'ENGR& 204', 'ENGR 205']","[3, 3, 3, 3, 1, 1, 1, 2, 2, 2, 3, 3, 3, 3, 3, 4, 1, 1, 1, 2, 2, 2, 2, 3, 3, 3, 3, 4, 4]",['Electrical Engineering'],['Washington State University']
597,[597],"['MATH& 152', 'ENGR 111', 'MATH& 163', 'CHEM& 161', 'ENGR 121', 'MATH& 264', 'CS& 131', 'ENGL& 230', 'MATH 260', 'PHYS& 241', 'CS& 132', 'CS 132', 'PHYS& 242', 'PHYS 130', 'ENGR& 214', 'ENGR 201', 'MATH 261', 'PHYS& 243', 'ENGR& 215', 'ENGR& 204', 'ENGR 220', 'ENGR 240']","[4, 4, 1, 1, 1, 2, 2, 2, 3, 3, 3, 3, 1, 1, 1, 1, 2, 2, 2, 3, 3, 3]",['Electrical Engineering'],['Washington State University']
598,[598],"['ENGR& 225', 'MATH 260', 'PHYS& 243', 'MATH 261', 'MATH& 264']","[3, 3, 3, 4, 4]",['Civil Engineering'],['University of Washington Seattle']
599,[599],"['ENGR 111', 'MATH& 163', 'PHYS& 241']","[2, 2, 2]",['Mechanical Engineering'],['Washington State University']
600,[600],"['MATH 261', 'CHEM& 162', 'ENGR& 214', 'MATH 260', 'PHYS& 241', 'ENGR& 215', 'ENGR 201', 'PHYS& 242', 'ENGR& 225', 'ENGR& 114', 'PHYS& 243', 'ENGR 240', 'ENGR& 204', 'SPAN 111']","[2, 2, 3, 3, 3, 1, 1, 1, 2, 2, 2, 3, 3, 3]",['Mechanical Engineering'],['University of Washington Seattle']
601,[601],"['ENGR 121', 'MATH& 151', 'CHEM& 140', 'PHYS& 241', 'MATH& 152', 'CHEM& 161', 'PHYS& 242', 'MATH& 163', 'CHEM& 162', 'MATH 260', 'PHYS& 243', 'MATH 261', 'ENGR& 215', 'ENGR& 225']","[3, 3, 3, 1, 1, 1, 2, 2, 2, 3, 3, 4, 1, 2]",['Mechanical Engineering'],['University of Washington Seattle']
602,[602],"['ENGL& 230', 'MATH& 152', 'CHEM& 161', 'ENGR 111', 'MATH& 163', 'ENGR& 114', 'CHEM& 162', 'MATH& 264', 'PHYS& 241', 'ENGR 121', 'MATH 260', 'PHYS& 242', 'ENGR& 214', 'MATH 261', 'ENGR& 114', 'PHYS& 243', 'ENGR& 215', 'ENGR 201', 'ENGR& 225', 'ENGR 240', 'ENGR& 204']","[2, 3, 3, 3, 4, 4, 4, 1, 1, 1, 3, 3, 3, 4, 4, 1, 1, 1, 3, 3, 3]",['Mechanical Engineering'],['University of Washington Seattle']
603,[603],"['MATH& 264', 'ENGR 240', 'CHEM& 162', 'PHYS& 241', 'ENGR& 214', 'PHYS& 242', 'ENGR& 215', 'PHYS& 243', 'ENGR& 225']","[2, 2, 2, 3, 3, 1, 1, 2, 2]",['Mechanical Engineering'],['University of Washington Seattle']
604,[604],"['MATH& 163', 'CHEM& 162', 'ENGL& 101', 'ENGL& 101D', 'MATH 261', 'PHYS& 114', 'MATH& 264', 'ENGR 111', 'HIST& 146', 'MATH 260', 'ENGR 121', 'PHYS 130', 'PHYS& 241', 'ENGR& 214', 'ENGL& 235', 'PSYC& 100', 'HUM 110D', 'PHYS& 242', 'ENGR& 225', 'ENGR 201', 'ENGR& 114', 'ENGR& 215', 'PHYS& 243', 'ENGR 240', 'ENGR& 204']","[3, 3, 3, 3, 4, 4, 1, 1, 1, 2, 2, 2, 3, 3, 3, 4, 4, 1, 1, 1, 2, 2, 2, 3, 3]",['Mechanical Engineering'],['University of Washington Bothell']
605,[605],"['MATH& 142', 'CHEM& 140', 'ENGR 111', 'MATH& 151', 'CHEM& 161', 'ENGR 121', 'PHYS 130', 'MATH& 152', 'PHYS& 114', 'CHEM& 162', 'MATH& 163', 'PHYS& 241', 'ENGR& 114', 'MATH& 264', 'PHYS& 242', 'ENGR& 214', 'MATH 261', 'ENGL& 101', 'ENGL& 101D', 'ECON& 201', 'MATH 260', 'PHYS& 243', 'ENGR& 224', 'ENGR& 215', 'ENGL& 230', 'ENGR 240', 'ENGR& 224', 'ENGR& 204']","[2, 2, 2, 3, 3, 3, 3, 1, 1, 1, 2, 2, 2, 3, 3, 3, 4, 4, 4, 4, 1, 1, 1, 2, 2, 2, 3, 3]",['Mechanical Engineering'],['Washington State University']
606,[606],"['MATH& 142', 'CHEM& 161', 'ENGR 121', 'ENGR 298', 'MATH& 151', 'PHYS& 114', 'MATH& 152', 'PHYS& 241', 'ENGR& 214', 'MATH& 163', 'PHYS& 242', 'ENGR& 215', 'PHYS 130', 'MATH& 264', 'PHYS& 243', 'ENGR& 225', 'MATH 261', 'ENGR& 215', 'CHEM& 161', 'ENGR 240', 'ENGR& 114', 'ENGR& 224', 'ENGR& 114', 'ENGR& 204']","[3, 3, 3, 3, 1, 1, 2, 2, 2, 3, 3, 3, 3, 1, 1, 1, 2, 2, 2, 3, 3, 3, 4, 4]",['Mechanical Engineering'],['Eastern Washington University']
607,[607],"['MATH 261', 'ENGR 121', 'MATH& 264', 'PHYS& 243', 'ENGR& 214', 'MATH 260', 'ENGR& 215', 'ENGR& 225', 'ENGR 240']","[4, 1, 1, 2, 3, 3, 1, 2, 3]",['Civil Engineering'],['Seattle University']
608,[608],"['MATH& 151', 'ENGL& 101', 'ENGL& 101D', 'ENGR 111', 'ENGR 101', 'MATH& 152', 'PHYS& 114', 'ENGR 121', 'MATH& 163', 'CHEM& 161', 'BUS& 101', 'PHYS 130', 'MATH& 264', 'PHYS& 241', 'CHEM& 162', 'MATH 260', 'PHYS& 242', 'ENGR& 214', 'MATH 261', 'ENGR 240', 'PHYS& 243', 'ENGR& 224', 'ENGR& 225', 'ENGR& 114', 'ENGR& 215', 'ENGL& 230', 'MATH 260', 'ENGR& 225', 'MATH& 163', 'ENGR 111', 'MATH& 264', 'ENGR 121', 'MATH 261', 'CHEM& 161', 'ENGR 240', 'ENGR& 224', 'PHYS& 241', 'ENGR 202', 'ENGR& 204', 'PHYS& 242', 'ENGL& 230', 'PHYS& 243', 'MATH& 141', 'CHEM& 161', 'ENGR& 114', 'MATH& 142', 'PHYS& 114', 'MATH& 151', 'CHEM& 162', 'ENGR 121', 'MATH& 152', 'PHYS& 241', 'ENGL& 230', 'PHYS 130', 'MATH& 163', 'PHYS& 242', 'ENGR& 214', 'MATH 260', 'PHYS& 243', 'ENGR& 215', 'ENGR& 225', 'ENGR 240', 'MATH 261', 'ENGR& 204', 'ENGR& 224', 'ENGR 298']","[3, 3, 3, 3, 3, 4, 4, 4, 1, 1, 1, 1, 2, 2, 2, 3, 3, 3, 4, 4, 1, 1, 1, 2, 2, 2, 3, 3, 4, 4, 1, 1, 2, 2, 3, 3, 4, 4, 1, 1, 2, 2, 3, 3, 3, 4, 4, 1, 1, 1, 2, 2, 2, 2, 3, 3, 3, 1, 1, 1, 2, 2, 2, 3, 3, 3]",['Mechanical Engineering'],['University of Washington Seattle']
609,[609],"['MATH& 151', 'CHEM& 161', 'ENGR 121', 'MATH& 152', 'CHEM& 162', 'PHYS& 114', 'MATH& 163', 'ANTH 116D', 'ENGR& 214', 'PHYS& 241', 'ENGR 201', 'ENGL& 101', 'ENGL& 101D', 'MATH& 264', 'PHYS& 242', 'ENGR& 215', 'PHYS 130', 'MATH 260', 'PHYS& 243', 'ENGR& 225', 'MATH 261', 'ENGR& 114', 'ENGL& 230', 'ENGR& 225', 'ENGL& 101', 'ENGL& 101D', 'PHYS& 243', 'ENGR& 215', 'ENGL& 230', 'ENGR 220', 'ENGR& 114', 'ENGR& 224', 'ENGR 240', 'ENGR& 204']","[2, 2, 2, 3, 3, 3, 4, 4, 1, 1, 1, 1, 1, 2, 2, 2, 2, 3, 3, 3, 4, 4, 4, 1, 1, 1, 2, 2, 2, 2, 3, 3, 3, 4]",['Mechanical Engineering'],['University of Washington Seattle']
610,[610],"['ENGR& 214', 'MATH 260', 'ENGR& 215', 'CHEM& 140', 'ECON& 202', 'CHEM& 162', 'ENGR 201', 'ENGR& 225', 'ENGR& 204', 'ENGR 220', 'ENGR 240', 'ENGR& 224', 'ENGR 216']","[2, 2, 3, 3, 4, 1, 1, 2, 2, 2, 3, 3, 3]",['Mechanical Engineering'],['Washington State University']
611,[611],"['ENGL& 101', 'ENGL& 101D', 'MATH& 152', 'PHYS& 241', 'MATH& 163', 'PHYS& 242', 'PHYS 130', 'ENGR 121', 'MATH& 264', 'PHYS& 243', 'CHEM& 161', 'MATH 261', 'CHEM& 162', 'MATH 260']","[1, 1, 1, 1, 2, 2, 2, 2, 3, 3, 3, 4, 4, 1]",['Civil Engineering'],['University of Washington Seattle']
612,[612],"['MATH& 163', 'CHEM& 162', 'MATH 260', 'PHYS& 241', 'ENGR 121', 'ENGR& 114', 'MATH 261', 'PHYS& 242', 'ENGR& 214', 'ENGR 240', 'PHYS& 243', 'ENGR& 215', 'ENGR& 225']","[4, 4, 1, 1, 1, 1, 2, 2, 2, 2, 3, 3, 3]",['Civil Engineering'],['University of Washington Seattle']
613,[613],"['MATH& 141', 'ENGL& 101', 'ENGL& 101D', 'ENGR 111', 'MATH& 142', 'ENGR& 114', 'CHEM& 140', 'MATH& 151', 'ENGR 121', 'CHEM& 161', 'MATH& 152', 'PHYS& 114', 'MATH& 163', 'PHYS& 241', 'MATH& 264', 'PHYS& 242', 'ENGL& 230', 'ECON& 202', 'PHYS& 243', 'ENGR& 225', 'MATH 261', 'CHEM& 161', 'MATH 260', 'ENGR& 215', 'CHEM& 162', 'ENGR 240', 'ENGR& 114', 'ENGR 220', 'ENGR& 204', 'ENGR& 224', 'PHYS& 233', 'ENGR 121', 'ENGR& 214', 'ENGR& 215', 'ENGR& 225', 'ENGL& 230', 'ENGR& 204', 'ENGR 240']","[1, 1, 1, 1, 2, 2, 2, 3, 3, 3, 1, 1, 2, 2, 3, 3, 4, 4, 1, 1, 1, 2, 2, 2, 3, 3, 3, 3, 4, 1, 3, 1, 2, 3, 1, 3, 1, 3]",['Mechanical Engineering'],['Washington State University']
614,[614],"['MATH& 163', 'ENGR 111', 'PHYS 130', 'PHYS& 242', 'MATH& 264', 'PHYS& 243', 'ENGR 121', 'MATH 261', 'MATH 260', 'ENGR& 214', 'CHEM& 161', 'CHEM& 162', 'ENGR& 215', 'ENGR 240', 'ENGL& 230', 'ENGR& 224', 'ENGR& 225', 'ENGR 220']","[2, 2, 2, 2, 3, 3, 3, 4, 1, 1, 1, 2, 2, 2, 3, 3, 3, 3]",['Civil Engineering'],['Washington State University']
615,[615],"['MATH& 152', 'MATH& 163', 'ENGL& 102', 'ENGL& 102D', 'MATH& 264', 'MATH 260', 'ENGR 101']","[1, 2, 2, 2, 3, 3, 3]",['Mechanical Engineering'],['University of Washington Seattle']
616,[616],"['MATH& 152', 'MATH& 163', 'ENGL& 102', 'ENGL& 102D', 'MATH& 264', 'COLL 101']","[1, 2, 2, 2, 3, 3]",['Mechanical Engineering'],['University of Washington Seattle']
617,[617],"['CHEM& 140', 'MATH& 163', 'CHEM& 161', 'MATH& 264', 'ENGR 121', 'MATH 260', 'PHYS& 114', 'CS& 131', 'ENGL& 230', 'MATH 261', 'PHYS& 231', 'ENGR 240', 'ENGR& 214', 'CS& 132', 'CS 132', 'PHYS& 232', 'CS 143', 'ENGR 202', 'ENGR& 204', 'ENGR 205', 'PHYS& 233']","[3, 3, 1, 1, 1, 2, 2, 2, 2, 3, 3, 3, 4, 4, 4, 1, 1, 1, 2, 2, 2]",['Electrical Engineering'],['University of Washington Seattle']
618,[618],"['ENGR& 204', 'CS& 131', 'ENGR& 214', 'ENGR& 114', 'ENGR 201', 'ENGR& 215', 'ENGR 240', 'MATH 261', 'ENGL& 235', 'MATH 260', 'ECON& 202', 'ENGR& 225', 'ENGR 216', 'ENGR 220', 'ENGR& 224']","[4, 4, 1, 1, 1, 2, 2, 2, 2, 3, 3, 3, 3, 3, 4]",['Mechanical Engineering'],['Washington State University']
619,[619],"['ENGR& 204', 'CS& 131', 'ENGR& 214', 'ENGR& 114', 'ENGR 201', 'ENGR& 215', 'ENGR 240', 'MATH 261', 'ENGL& 235', 'MATH 260', 'ENGR 220', 'ENGR& 225', 'SPAN 111']","[4, 4, 1, 1, 1, 2, 2, 2, 2, 3, 3, 3, 4]",['Mechanical Engineering'],['University of Washington Seattle']
620,[620],"['MATH& 264', 'PHYS& 241', 'ENGR 298', 'PHYS 130', 'ENGR& 114', 'ECON& 202', 'MATH 260', 'ENGR& 214', 'PHYS 130', 'PHYS& 242', 'ENGR& 215', 'ENGR& 225', 'PHYS& 243', 'ENGR 298', 'ENGR 201', 'ENGR 220', 'ENGR& 114', 'ENGR 240', 'ENGR& 204', 'MATH 261', 'ENGR 216']","[3, 3, 3, 3, 4, 4, 1, 1, 2, 2, 2, 3, 3, 3, 1, 1, 1, 1, 2, 2, 2]",['Mechanical Engineering'],['Washington State University']
621,[621],"['MATH& 264', 'PHYS& 241', 'ENGR 298', 'PHYS 130', 'ENGR& 114', 'ECON& 202', 'MATH 260', 'ENGR& 214', 'PHYS 130', 'PHYS& 242', 'ENGR& 215', 'ENGR& 225', 'PHYS& 243', 'ENGR 298', 'ENGR 201', 'ENGR 220', 'ENGR& 114', 'ENGR 240', 'ENGR& 204', 'MATH 261', 'ENGR 216']","[3, 3, 3, 3, 4, 4, 1, 1, 2, 2, 2, 3, 3, 3, 1, 1, 1, 1, 2, 2, 2]",['Mechanical Engineering'],['University of Washington Seattle']
622,[622],"['MATH 261', 'CHEM& 162', 'ENGR& 214', 'MATH 260', 'PHYS& 241', 'ENGR& 215', 'ENGR 201', 'PHYS& 242', 'ENGR& 225', 'ENGR& 114', 'PHYS& 243', 'ENGR 240', 'ENGR& 204', 'SPAN 111']","[2, 2, 3, 3, 3, 1, 1, 1, 2, 2, 2, 3, 3, 3]",['Civil Engineering'],['University of Washington Seattle']
623,[623],"['PHYS& 114', 'ENGL& 230', 'ENGR 111', 'MATH& 152', 'CHEM& 161', 'ENGR 121', 'MATH& 163', 'CHEM& 162', 'PHYS& 241', 'MATH& 264', 'PHYS& 242', 'ENGR& 214', 'ECON& 202', 'ENGR& 114', 'MATH 260', 'PHYS& 243', 'ENGR 201', 'MATH 261', 'ENGR& 215', 'ENGR 240', 'ENGR& 224', 'ENGR& 225', 'ENGR 220', 'ENGR 216', 'ENGR& 204']","[4, 4, 4, 1, 1, 1, 2, 2, 2, 3, 3, 3, 4, 4, 1, 1, 1, 2, 2, 2, 3, 3, 3, 3, 4]",['Mechanical Engineering'],['Washington State University']
624,[624],"['PHYS& 114', 'ENGL& 230', 'ENGR 111', 'MATH& 152', 'CHEM& 161', 'ENGR 121', 'MATH& 163', 'CHEM& 162', 'PHYS& 241', 'MATH& 264', 'PHYS& 242', 'ENGR& 214', 'ECON& 202', 'ENGR& 114', 'MATH 260', 'PHYS& 243', 'ENGR 201', 'MATH 261', 'ENGR& 215', 'ENGR 240', 'ENGR& 224', 'ENGR& 225', 'ENGR 220', 'ENGR 216', 'ENGR& 204']","[4, 4, 4, 1, 1, 1, 2, 2, 2, 3, 3, 3, 4, 4, 1, 1, 1, 2, 2, 2, 3, 3, 3, 3, 4]",['Mechanical Engineering'],['University of Washington Seattle']
625,[625],"['MATH& 151', 'CHEM& 161', 'ENGR 101', 'MATH& 152', 'ENGR& 204', 'MATH& 163', 'PHYS 130', 'ENGR 121', 'MATH& 264', 'PHYS& 241', 'CHEM& 162', 'MATH 260', 'PHYS& 242', 'ENGR& 214', 'MATH 261', 'ENGL& 230', 'SPAN 111', 'PHYS& 243', 'ENGR 201', 'ENGR& 215', 'ENGR& 114', 'MATH& 151', 'CHEM& 161', 'ENGR 101', 'MATH& 152', 'ENGR& 204', 'MATH& 163', 'PHYS 130', 'ENGR 121', 'MATH& 264', 'PHYS& 241', 'CHEM& 162', 'MATH 260', 'PHYS& 242', 'ENGR& 214', 'MATH 261', 'ENGL& 230', 'SPAN 111', 'PHYS& 243', 'ENGR 201', 'ENGR& 215', 'ENGR& 114']","[3, 3, 3, 4, 4, 1, 1, 1, 2, 2, 2, 3, 3, 3, 4, 4, 4, 1, 1, 2, 2, 3, 3, 3, 4, 4, 1, 1, 1, 2, 2, 2, 3, 3, 3, 4, 4, 4, 1, 1, 2, 2]",['Electrical Engineering'],['University of Washington Seattle']
626,[626],"['MATH& 163', 'CHEM& 162', 'ENGL& 101', 'ENGL& 101D', 'MATH 261', 'PHYS& 114', 'MATH& 264', 'ENGR 111', 'HIST& 146', 'MATH 260', 'ENGR 121', 'PHYS 130', 'PHYS& 241', 'ENGR& 214', 'ENGL& 235', 'PSYC& 100', 'HUM 110D', 'PHYS& 242', 'ENGR& 225', 'ENGR 201', 'ENGR& 114', 'ENGR& 215', 'PHYS& 243', 'ENGR 240', 'ENGR& 204', 'ENGR 220', 'ENGR& 224', 'ECON& 202']","[3, 3, 3, 3, 4, 4, 1, 1, 1, 2, 2, 2, 3, 3, 3, 4, 4, 1, 1, 1, 2, 2, 2, 3, 3, 3, 3, 3]",['Mechanical Engineering'],['Washington State University']
627,[627],"['MATH& 142', 'CHEM& 140', 'ENGR 111', 'MATH& 151', 'CHEM& 161', 'ENGR 121', 'PHYS 130', 'MATH& 152', 'PHYS& 114', 'CHEM& 162', 'MATH& 163', 'PHYS& 241', 'ENGR& 114', 'MATH& 264', 'PHYS& 242', 'ENGR& 214', 'MATH 261', 'ENGL& 101', 'ENGL& 101D', 'ECON& 201', 'MATH 260', 'PHYS& 243', 'ENGR& 224', 'ENGR& 215', 'ENGL& 230', 'ENGR 240', 'ENGR& 224', 'ENGR& 204']","[2, 2, 2, 3, 3, 3, 3, 1, 1, 1, 2, 2, 2, 3, 3, 3, 4, 4, 4, 4, 1, 1, 1, 2, 2, 2, 3, 3]",['Mechanical Engineering'],['University of Washington Seattle']
628,[628],"['MATH& 264', 'MATH 261', 'PHYS& 243', 'ENGR& 215', 'MATH 260', 'ENGR& 225', 'CHEM& 161', 'ENGR& 114', 'ENGR 240', 'CHEM& 162', 'ENGL& 230', 'ECON& 202', 'ENGR& 204']","[4, 1, 1, 1, 2, 2, 2, 3, 3, 3, 3, 4, 4]",['Mechanical Engineering'],['Washington State University']
629,[629],"['MATH 261', 'ENGR 121', 'MATH& 264', 'PHYS& 243', 'ENGR& 214', 'MATH 260', 'ENGR& 204', 'ENGR& 215', 'ENGR 201', 'ENGR& 225', 'ENGR 220', 'ENGR 240', 'ENGR& 224']","[4, 1, 1, 2, 3, 3, 4, 1, 1, 2, 2, 3, 3]",['Civil Engineering'],['University of Washington Seattle']
630,[630],"['ENGR 108', 'MATH& 142', 'ENGR 111', 'MATH& 151', 'CHEM& 140', 'MATH& 152', 'CHEM& 161', 'ENGL& 230', 'MATH& 163', 'CHEM& 162', 'PHYS& 114', 'MATH 260', 'PHYS& 241', 'ENGR 121', 'MATH 261', 'PHYS& 242', 'ENGR& 214', 'ENGR& 224', 'PHYS& 243', 'ENGR& 215', 'ENGR& 225', 'ENGR 240', 'ENGR& 204', 'MATH& 141', 'CHEM& 161', 'ENGR& 114', 'MATH& 142', 'PHYS& 114', 'MATH& 151', 'CHEM& 162', 'ENGR 121', 'MATH& 152', 'PHYS& 241', 'ENGL& 230', 'PHYS 130', 'MATH& 163', 'PHYS& 242', 'ENGR& 214', 'MATH 260', 'PHYS& 243', 'ENGR& 215', 'ENGR& 225', 'ENGR 240', 'MATH 261', 'ENGR& 204', 'ENGR& 224', 'ENGR 298', 'MATH& 141', 'CHEM& 161', 'ENGR& 114', 'MATH& 142', 'PHYS& 114', 'MATH& 151', 'CHEM& 162', 'ENGR 121', 'MATH& 152', 'PHYS& 241', 'ENGL& 230', 'PHYS 130', 'MATH& 163', 'PHYS& 242', 'ENGR& 214', 'MATH 260', 'PHYS& 243', 'ENGR& 215', 'ENGR& 225', 'ENGR 240', 'MATH 261', 'ENGR& 204', 'ENGR& 224', 'ENGR 298']","[3, 3, 3, 4, 4, 1, 1, 1, 2, 2, 2, 3, 3, 3, 4, 1, 1, 1, 2, 2, 3, 3, 3, 3, 3, 3, 4, 4, 1, 1, 1, 2, 2, 2, 2, 3, 3, 3, 1, 1, 1, 2, 2, 2, 3, 3, 3, 3, 3, 3, 4, 4, 1, 1, 1, 2, 2, 2, 2, 3, 3, 3, 1, 1, 1, 2, 2, 2, 3, 3, 3]",['Civil Engineering'],['University of Washington Seattle']
632,[632],"['MATH 080', 'BUS& 101', 'ACCT 110', 'MATH 091', 'ACCT& 201', 'MATH 092', 'ACCT& 202', 'MATH 099', 'ENGL 097', 'ACCT& 203', 'ENGL 098', 'ECON& 201', 'ECON& 202', 'MATH& 146', 'ENGL& 101', 'MATH 138', 'BUS& 201', 'AEP 098', 'ENGL& 102', 'MATH& 148']","[1, 1, 1, 2, 2, 3, 3, 1, 1, 1, 3, 3, 1, 1, 2, 3, 3, 3, 3, 1]",['Business'],['Western Washington University']
633,[633],"['MATH 080', 'BUS& 101', 'ACCT 110', 'MATH 091', 'ACCT& 201', 'MATH 092', 'ACCT& 202', 'MATH 099', 'ENGL 097', 'ACCT& 203', 'ENGL 098', 'ECON& 201', 'ECON& 202', 'MATH& 146', 'ENGL& 101', 'MATH 138', 'BUS& 201', 'AEP 098', 'ENGL& 102', 'MATH& 148']","[1, 1, 1, 2, 2, 3, 3, 1, 1, 1, 3, 3, 1, 1, 2, 3, 3, 3, 3, 1]",['Business'],['Western Washington University']
634,[634],"['MATH 080', 'BUS& 101', 'ACCT 110', 'MATH 091', 'ACCT& 201', 'MATH 092', 'ACCT& 202', 'MATH 099', 'ENGL 097', 'ACCT& 203', 'ENGL 098', 'ECON& 201', 'ECON& 202', 'MATH& 146', 'ENGL& 101', 'MATH 138', 'BUS& 201', 'AEP 098', 'ENGL& 102', 'MATH& 148']","[1, 1, 1, 2, 2, 3, 3, 1, 1, 1, 3, 3, 1, 1, 2, 3, 3, 3, 3, 1]",['Business'],['Western Washington University']
635,[635],"['MATH& 151', 'ENGR& 114', 'MATH& 152', 'PHYS& 241', 'ENGR 121', 'MATH& 163', 'ENGR& 214', 'ENGL& 235', 'PHYS 130', 'CHEM& 161', 'CHEM& 162', 'MATH& 264', 'PHYS& 242', 'ENGR& 215', 'MATH 261', 'PHYS& 243', 'ENGR& 225', 'ENGR 220', 'MATH 260', 'ENGR& 224', 'ENGR 240', 'ENGR& 204', 'ENGR 205', 'ENGR 201', 'ENGR 216', 'MFG T 103']","[1, 1, 2, 2, 2, 3, 3, 3, 3, 4, 4, 1, 1, 1, 2, 2, 2, 2, 3, 3, 3, 4, 4, 1, 2, 2]",['Mechanical Engineering'],['Washington State University']
636,[636],"['ENGR& 215', 'MATH 261', 'CHEM& 162', 'CMST& 220', 'ENGR& 225', 'ENGR 220', 'ENGR 240', 'ENGR& 204', 'MATH 261']","[2, 2, 2, 2, 3, 3, 3, 3, 4]",['Mechanical Engineering'],['Washington State University']
637,[637],"['MATH& 151', 'PHYS 130', 'ENGR 121', 'ENGR 298', 'MATH& 152', 'CHEM& 161', 'ENGR& 114', 'MATH& 163', 'CHEM& 162', 'PHYS& 114', 'MATH& 264', 'PHYS& 241', 'ENGL& 230', 'ECON& 202', 'MATH 260', 'PHYS& 242', 'ENGR& 214', 'ENGR 201', 'MATH 261', 'PHYS& 243', 'ENGR& 215', 'ENGR& 225', 'ENGR 220', 'ENGR 240', 'ENGR& 204']","[3, 3, 3, 3, 1, 1, 1, 2, 2, 2, 3, 3, 3, 3, 1, 1, 1, 1, 2, 2, 2, 3, 3, 3, 3]",['Mechanical Engineering'],['Washington State University']
638,[638],"['PHYS& 114', 'MATH& 163', 'PHYS& 241', 'ENGR& 214', 'MATH& 264', 'PHYS& 242', 'ENGR& 215', 'ENGR 240', 'MATH 260', 'PHYS& 243', 'ENGR& 225', 'MATH 261', 'ENGR& 204']","[4, 1, 1, 1, 2, 2, 2, 2, 3, 3, 3, 4, 4]",['Civil Engineering'],['Seattle University']
639,[639],"['PHYS& 243', 'MATH 260', 'SOC& 101', 'ANTH 116D', 'ECON& 201', 'ENGR 121', 'ENGR& 204', 'ENGR 205', 'CS& 131', 'ENGL& 224', 'MATH 260', 'CS& 132', 'CS 132', 'ENGR 202', 'ENGL& 230', 'ENGR 240']","[3, 3, 3, 1, 1, 1, 2, 2, 2, 2, 3, 3, 3, 3, 3, 4]",['Electrical Engineering'],['Washington State University']
640,[640],"['MATH& 151', 'SPAN& 122', 'HUM 247D', 'CHEM& 121', 'PSYC& 100']","[3, 3, 3, 2, 2]",['Mechanical Engineering'],['University of Washington Seattle']
641,[641],"['PHYS& 114', 'MATH& 163', 'PHYS& 241', 'ENGR& 214', 'MATH& 264', 'PHYS& 242', 'ENGR& 215', 'ENGR 240', 'MATH 260', 'PHYS& 243', 'ENGR& 225', 'MATH 261', 'ENGR& 204']","[4, 1, 1, 1, 2, 2, 2, 2, 3, 3, 3, 4, 4]",['Civil Engineering'],['University of Washington Seattle']
642,[642],"['MATH& 151', 'PHYS& 114', 'ENGR 111', 'MATH& 151', 'CHEM& 162', 'ENGR 111', 'ENGL& 101', 'ENGL& 101D', 'PHYS& 114', 'MATH& 152', 'PHYS& 241', 'ENGR 121', 'MATH& 163', 'PHYS& 242', 'CS& 141', 'PHYS 130', 'ENGR& 204', 'PHYS& 243', 'CS 143', 'MATH 260', 'ENGR 202', 'MATH 261', 'ENGR 240', 'MATH& 264']","[2, 2, 2, 3, 3, 3, 4, 4, 4, 1, 1, 1, 2, 2, 2, 2, 3, 3, 3, 1, 1, 2, 2, 3]",['Electrical Engineering'],['University of Washington Seattle']
643,[643],"['MATH& 151', 'CHEM& 161', 'MATH& 152', 'CHEM& 162', 'MATH& 163', 'PHYS& 114', 'MATH& 264', 'ENGR 121', 'PHYS 130', 'MATH 261', 'PHYS& 241', 'MATH 260', 'PHYS& 242', 'ENGR& 114', 'PHYS& 243', 'ENGR& 214', 'ENGR& 215', 'ENGR 240', 'ENGR& 225', 'ENGR 220', 'ENGR& 204', 'ENGL& 235']","[2, 2, 3, 3, 4, 4, 1, 1, 1, 2, 2, 3, 3, 4, 1, 1, 2, 2, 3, 3, 3, 4]",['Mechanical Engineering'],['Washington State University']
644,[644],"['CHEM& 161', 'MATH 261', 'MATH& 264', 'ENGL& 230', 'PHYS& 241', 'MATH 260', 'PHYS& 242', 'PHYS& 243', 'ENGR 220', 'ENGR& 225', 'ENGR& 215', 'ECON& 202', 'ENGR 240', 'ENGR& 204']","[3, 3, 4, 4, 1, 1, 2, 3, 3, 3, 1, 1, 2, 2]",['Mechanical Engineering'],['Washington State University']
645,[645],"['ENGR& 214', 'ENGR 240', 'ENGL& 235', 'ECON& 201']","[2, 3, 4, 4]",['Electrical Engineering'],['Washington State University']
646,[646],"['PHYS& 241', 'MATH& 264', 'ENGR 121', 'MATH& 146', 'PHYS 130', 'MATH 261', 'CS& 141', 'PHYS& 242', 'MATH 260', 'ENGR& 214', 'PHYS& 243', 'ENGR& 215', 'ENGR& 225', 'ENGR& 204', 'ENGR& 114']","[3, 3, 3, 4, 4, 1, 1, 2, 2, 2, 3, 3, 3, 4, 4]","['Pre-Engineering  Mechanical, Civil, Aeronautical, Industrial, Materials Science']",['University of Washington Seattle']
647,[647],"['MATH& 163', 'PHYS& 241', 'ENGR& 214', 'PHYS& 242', 'PHYS 130', 'MATH& 264', 'ENGR& 215', 'ENGL& 230', 'MATH 260', 'ANTH 255D', 'PHYS& 243', 'MATH 261', 'ECON& 201', 'ENGR& 225', 'ENGR 240']","[2, 2, 2, 3, 3, 3, 3, 4, 4, 4, 1, 1, 1, 2, 2]",['Pre-Engineering  General Engineering Transfer'],['Washington State University']
648,[648],"['MATH& 152', 'CHEM& 161', 'ENGR 101', 'MATH& 163', 'CHEM& 162', 'ENGL& 101', 'ENGL& 101D', 'MATH& 264', 'ENGL& 235', 'MATH 260', 'PHYS& 241', 'PHYS& 242', 'PHYS 130', 'MATH 261', 'PHYS& 243', 'ENGR 121', 'ENGL& 111', 'ENGR& 114', 'ENGR& 214', 'ENGR& 224', 'ENGR& 215', 'ENGR& 225', 'ENGR 220', 'ENGR 240', 'ENGR& 204', 'ENGR 205', 'ENGR 201', 'ENGR 216', 'MFG T 103']","[2, 2, 2, 3, 3, 4, 4, 1, 1, 2, 2, 3, 3, 1, 1, 1, 2, 2, 2, 3, 3, 3, 3, 4, 4, 4, 1, 2, 2]",['Mechanical Engineering'],['Washington State University']
649,[649],"['ENGR 121', 'PHYS& 241', 'CHEM& 161', 'MATH& 264', 'PHYS& 242', 'ENGR& 214', 'PHYS 130', 'ENGR& 225', 'PHYS& 243', 'ENGR& 215', 'ENGR 240', 'MATH 261', 'MATH 260']","[1, 1, 1, 2, 2, 2, 2, 3, 3, 3, 1, 1, 1]",['Mechanical Engineering'],['University of Washington Seattle']
650,[650],"['PHYS 130', 'ENGR 101', 'MATH& 144', 'PHYS& 114', 'ENGR 111', 'ENGR 121', 'CHEM& 140', 'PHYS& 241', 'PHYS& 233', 'ENGR& 214']","[2, 2, 3, 3, 4, 4, 4, 1, 1, 2]",['Mechanical Engineering'],['University of Washington Seattle']
651,[651],"['MATH& 163', 'PHYS& 241', 'CS& 131', 'MATH& 264', 'ENGL& 230', 'MATH 260', 'PHYS& 242', 'CS& 132', 'CS 132', 'PHYS 130', 'MATH 261', 'PHYS& 243', 'ENGR& 214', 'ENGR& 215', 'ENGR& 204', 'ENGR 205', 'ENGR 202', 'ECON& 202', 'CHEM& 161']","[3, 3, 3, 4, 4, 1, 1, 1, 1, 1, 2, 2, 2, 3, 3, 3, 3, 4, 4]",['Electrical Engineering'],['Washington State University']
652,[652],"['PHYS& 114', 'MATH& 163', 'PHYS& 241', 'ENGR& 214', 'MATH& 264', 'PHYS& 242', 'ENGR& 215', 'ENGR 240', 'MATH 260', 'PHYS& 243', 'ENGR& 225', 'MATH 261', 'ENGR 220', 'ENGR& 204']","[4, 1, 1, 1, 2, 2, 2, 2, 3, 3, 3, 4, 4, 4]",['Civil Engineering'],['Washington State University']
653,[653],"['MATH& 152', 'CHEM& 161', 'ENGR 101', 'MATH& 163', 'CHEM& 162', 'ENGL& 101', 'ENGL& 101D', 'MATH& 264', 'ENGL& 235', 'MATH 260', 'PHYS& 241', 'PHYS& 242', 'PHYS 130', 'MATH 261', 'PHYS& 243', 'ENGR 121', 'ENGL& 111', 'ENGR& 114', 'ENGR& 214', 'ENGR& 224', 'ENGR& 215', 'ENGR& 225', 'ENGR 220', 'ENGR 240', 'ENGR& 204', 'ENGR 205', 'ENGR 201', 'ENGR 216', 'MFG T 103']","[2, 2, 2, 3, 3, 4, 4, 1, 1, 2, 2, 3, 3, 1, 1, 1, 2, 2, 2, 3, 3, 3, 3, 4, 4, 4, 1, 2, 2]",['Mechanical Engineering'],['University of Washington Bothell']
654,[654],"['PHYS& 231', 'ENGR 121', 'ENGR 201', 'PHYS& 232', 'PHYS 130', 'ENGR& 214', 'ENGR 240', 'PHYS& 233', 'ENGR& 215', 'ENGR& 225']","[1, 1, 1, 2, 2, 2, 2, 3, 3, 3]",['Computer Engineering'],['University of Washington Seattle']
655,[655],"['MATH& 151', 'ENGR 111', 'MATH& 152', 'ENGR 121', 'MATH& 163', 'PHYS& 114', 'ENGR& 214', 'PHYS& 241', 'PHYS 130', 'ENGR& 215', 'PHYS& 242', 'MATH 261', 'ENGR& 225', 'PHYS& 243', 'MATH 260', 'CHEM& 161', 'CS& 131', 'CHEM& 162', 'MATH& 264', 'ENGR& 204']","[2, 2, 3, 4, 1, 1, 2, 2, 2, 3, 3, 4, 1, 1, 2, 2, 3, 3, 4, 4]","['Pre-Engineering  Mechanical, Civil, Aeronautical, Industrial, Materials Science']",['University of Washington Seattle']
656,[656],"['MATH 096', 'MATH& 141', 'ENGR 111', 'MATH& 142', 'PHYS& 114', 'MATH& 151', 'ENGR 121', 'MATH& 152', 'MATH& 163', 'PHYS& 241', 'MATH& 264', 'PHYS& 242', 'PHYS 130', 'CS& 131', 'PHYS& 243', 'CHEM& 140', 'ENGR& 204', 'CS& 132', 'CS 132', 'CHEM& 161']","[4, 1, 1, 2, 2, 3, 3, 4, 1, 1, 2, 2, 2, 3, 3, 4, 4, 1, 1, 1]",['Electrical Engineering'],['University of Washington Bothell']
657,[657],"['MATH& 141', 'ENGR 111', 'PSYC& 200', 'MATH& 142', 'CHEM& 161', 'CMST& 210', 'MATH& 151', 'PHYS& 114', 'SOC& 101', 'MATH& 152', 'ENGR 121', 'MATH& 163', 'PHYS& 241', 'ENGR 202', 'MATH& 264', 'PHYS& 242', 'CS 110', 'PHYS 130', 'MATH 260', 'PHYS& 243', 'ENGR& 204', 'ENGL& 230', 'CS& 131', 'MATH 261', 'ENGR& 224', 'CS& 132', 'CS 132', 'ENGR 240']","[1, 1, 1, 2, 2, 2, 3, 3, 3, 4, 4, 1, 1, 1, 2, 2, 2, 2, 3, 3, 3, 4, 1, 1, 1, 2, 2, 2]",['Electrical Engineering'],['Washington State University']
658,[658],"['MATH& 163', 'ENGR 121', 'CS& 131', 'HUM 110D', 'MATH& 264', 'ENGR& 214', 'PHYS& 241', 'HIST& 146', 'CHEM& 161', 'PHYS& 242', 'ENGR& 215', 'PHYS& 243', 'CHEM& 162', 'ENGR& 225', 'MATH 260', 'MATH 261', 'ENGR& 224', 'ENGL& 101', 'ENGL& 101D', 'HIST 103D', 'MATH& 151', 'COLL 101', 'ENGR 111', 'MATH& 152']","[3, 3, 3, 3, 4, 1, 1, 1, 2, 2, 2, 3, 3, 3, 4, 1, 1, 3, 3, 3, 3, 4, 4, 4]",['Mechanical Engineering'],['University of Washington Seattle']
659,[659],"['SOC& 101', 'ENGL& 101', 'ENGL& 101D', 'PSYC& 100', 'ENVS& 100', 'GEOG 101', 'PHIL& 101', 'GEOG 205', 'POLS& 202', 'ANTH& 206D', 'HIST& 146', 'ECON 101D', 'CMST& 102', 'PHIL 215', 'ANTH& 215', 'SOC& 201']","[3, 3, 3, 3, 4, 4, 1, 1, 1, 2, 2, 3, 3, 3, 4, 4]",['Mechanical Engineering'],['Washington State University']
660,[660],"['MATH& 151', 'PHYS 130', 'ENGR 121', 'ENGR 298', 'MATH& 152', 'CHEM& 161', 'ENGR& 114', 'MATH& 163', 'CHEM& 162', 'PHYS& 114', 'MATH& 264', 'PHYS& 241', 'ENGL& 230', 'ECON& 202', 'MATH 260', 'PHYS& 242', 'ENGR& 214', 'ENGR 201', 'MATH 261', 'PHYS& 243', 'ENGR& 215', 'ENGR& 225', 'ENGR 220', 'ENGR 240', 'ENGR& 204']","[3, 3, 3, 3, 1, 1, 1, 2, 2, 2, 3, 3, 3, 3, 1, 1, 1, 1, 2, 2, 2, 3, 3, 3, 3]",['Electrical Engineering'],['Washington State University']
661,[661],"['MATH& 151', 'PHYS& 114', 'ENGR 111', 'MATH& 151', 'CHEM& 162', 'ENGR 111', 'ENGL& 101', 'ENGL& 101D', 'PHYS& 114', 'MATH& 152', 'PHYS& 241', 'ENGR 121', 'MATH& 163', 'PHYS& 242', 'CS& 131', 'PHYS 130', 'ENGR& 204', 'PHYS& 243', 'CS& 132', 'CS 132', 'ENGR 205', 'MATH 260', 'CS& 131', 'ENGR 202', 'MATH 261', 'ENGR 240', 'CS& 132', 'CS 132', 'MATH& 264', 'CS 233']","[2, 2, 2, 3, 3, 3, 4, 4, 4, 1, 1, 1, 2, 2, 2, 2, 3, 3, 3, 3, 3, 1, 1, 1, 2, 2, 2, 2, 3, 3]",['Electrical Engineering'],['Washington State University']
662,[662],"['MATH& 151', 'CHEM& 161', 'MATH& 152', 'CHEM& 162', 'MATH& 163', 'PHYS& 114', 'MATH& 264', 'ENGR 121', 'PHYS 130', 'MATH 261', 'PHYS& 241', 'MATH 260', 'PHYS& 242', 'ENGR& 114', 'PHYS& 243', 'ENGR& 214', 'ENGR& 215', 'ENGR 240', 'ENGR& 225', 'ENGR 220', 'ENGR& 204', 'ENGL& 235']","[2, 2, 3, 3, 4, 4, 1, 1, 1, 2, 2, 3, 3, 4, 1, 1, 2, 2, 3, 3, 3, 4]",['Mechanical Engineering'],['Washington State University']
668,[668],"['ESL 097', 'BUS& 101', 'ACCT 110', 'ACCT& 201', 'ACCT& 202', 'AEP 098', 'MATH 099', 'ENGL 098', 'ACCT& 203', 'ECON& 202', 'ECON& 201', 'ENGL& 101', 'BUS& 201', 'MATH& 141', 'ENGL& 102', 'MATH& 146', 'MATH& 148']","[1, 1, 1, 2, 3, 4, 1, 1, 1, 2, 2, 3, 3, 4, 4, 1, 4]",['Business'],['Western Washington University']
672,[672],"['ESL 097', 'BUS& 101', 'ACCT 110', 'ACCT& 201', 'ACCT& 202', 'AEP 098', 'MATH 099', 'ENGL 098', 'ACCT& 203', 'ECON& 202', 'ECON& 201', 'ENGL& 101', 'BUS& 201', 'MATH& 141', 'ENGL& 102', 'MATH& 146', 'MATH& 148']","[1, 1, 1, 2, 3, 4, 1, 1, 1, 2, 2, 3, 3, 4, 4, 1, 4]",['Business'],['Western Washington University']
673,[673],"['ESL 097', 'BUS& 101', 'ACCT 110', 'ACCT& 201', 'ACCT& 202', 'AEP 098', 'MATH 099', 'ENGL 098', 'ACCT& 203', 'MATH& 146', 'ECON& 202', 'ECON& 201', 'BUS& 201', 'ENGL& 101', 'MATH& 141', 'ENGL& 102', 'MATH& 148']","[1, 1, 1, 2, 3, 1, 1, 1, 1, 3, 3, 3, 3, 1, 3, 1, 1]",['Business'],['Western Washington University']
674,[674],"['ESL 097', 'BUS& 101', 'ACCT 110', 'ACCT& 201', 'ACCT& 202', 'AEP 098', 'MATH 099', 'ENGL 098', 'ACCT& 203', 'MATH& 146', 'ECON& 202', 'ECON& 201', 'BUS& 201', 'ENGL& 101', 'MATH& 141', 'ENGL& 102', 'MATH& 148']","[1, 1, 1, 2, 3, 1, 1, 1, 1, 3, 3, 3, 3, 1, 3, 1, 1]",['Business'],['Western Washington University']
678,[678],"['ESL 097', 'BUS& 101', 'ACCT 110', 'ACCT& 201', 'ACCT& 202', 'AEP 098', 'MATH 099', 'ENGL 098', 'ACCT& 203', 'MATH& 146', 'ECON& 202', 'ECON& 201', 'BUS& 201', 'ENGL& 101', 'MATH& 141', 'ENGL& 102', 'MATH& 148']","[1, 1, 1, 2, 3, 1, 1, 1, 1, 3, 3, 3, 3, 1, 3, 1, 1]",['Business'],['Western Washington University']
